2026-05-16 06:42:08,795 - INFO - Dataset[TRAIN] koopman_train_merged.npz | segments=99 | samples=197505 | pred_len=4 | stride=1
2026-05-16 06:42:08,800 - INFO - Dataset[VAL] koopman_val.npz | segments=3 | samples=35985 | pred_len=4 | stride=1
2026-05-16 06:42:08,812 - INFO - [seg_resample] mode=u_var_r_var alpha=1.0 | n_segments=99 | w min=0.0422 max=40.0543 mean=1.2531 std=4.6470
2026-05-16 06:42:08,812 - INFO -   seg   0 | w=3.5021 | u_mean=+0.544 u_std=0.286 v_std=0.000 r_std=0.0000
2026-05-16 06:42:08,812 - INFO -   seg   1 | w=2.3887 | u_mean=+1.521 u_std=0.236 v_std=0.000 r_std=0.0000
2026-05-16 06:42:08,812 - INFO -   seg   2 | w=0.7806 | u_mean=+2.149 u_std=0.132 v_std=0.000 r_std=0.0000
2026-05-16 06:42:08,812 - INFO -   seg   3 | w=0.4465 | u_mean=+2.560 u_std=0.098 v_std=0.000 r_std=0.0000
2026-05-16 06:42:08,812 - INFO -   seg   4 | w=0.3280 | u_mean=+2.897 u_std=0.082 v_std=0.000 r_std=0.0000
2026-05-16 06:42:08,812 - INFO -   seg   5 | w=0.2637 | u_mean=+3.194 u_std=0.072 v_std=0.000 r_std=0.0000
2026-05-16 06:42:08,812 - INFO -   seg   6 | w=0.2218 | u_mean=+3.463 u_std=0.065 v_std=0.000 r_std=0.0000
2026-05-16 06:42:08,812 - INFO -   seg   7 | w=0.1921 | u_mean=+3.712 u_std=0.060 v_std=0.000 r_std=0.0000
2026-05-16 06:42:08,812 - INFO -   seg   8 | w=0.1702 | u_mean=+3.944 u_std=0.055 v_std=0.000 r_std=0.0000
2026-05-16 06:42:08,812 - INFO -   seg   9 | w=0.1533 | u_mean=+4.163 u_std=0.051 v_std=0.000 r_std=0.0000
2026-05-16 06:42:08,812 - INFO -   seg  10 | w=40.0543 | u_mean=+1.523 u_std=0.974 v_std=0.000 r_std=0.0000 HI
2026-05-16 06:42:08,812 - INFO -   seg  11 | w=14.3739 | u_mean=-0.831 u_std=0.583 v_std=0.000 r_std=0.0000
2026-05-16 06:42:08,812 - INFO -   seg  12 | w=1.4484 | u_mean=-2.105 u_std=0.183 v_std=0.000 r_std=0.0000
2026-05-16 06:42:08,813 - INFO -   seg  13 | w=0.4376 | u_mean=-2.570 u_std=0.097 v_std=0.000 r_std=0.0000
2026-05-16 06:42:08,813 - INFO -   seg  14 | w=0.3167 | u_mean=-2.905 u_std=0.081 v_std=0.000 r_std=0.0000
2026-05-16 06:42:08,813 - INFO -   seg  15 | w=0.2549 | u_mean=-3.200 u_std=0.071 v_std=0.000 r_std=0.0000
2026-05-16 06:42:08,813 - INFO -   seg  16 | w=17.2608 | u_mean=-1.167 u_std=0.639 v_std=0.035 r_std=0.0005
2026-05-16 06:42:08,813 - INFO -   seg  17 | w=0.2830 | u_mean=-0.379 u_std=0.076 v_std=0.005 r_std=0.0002
2026-05-16 06:42:08,813 - INFO -   seg  18 | w=0.0917 | u_mean=-0.206 u_std=0.034 v_std=0.004 r_std=0.0002
2026-05-16 06:42:08,813 - INFO -   seg  19 | w=0.0639 | u_mean=-0.111 u_std=0.023 v_std=0.004 r_std=0.0002
2026-05-16 06:42:08,813 - INFO -   seg  20 | w=0.0536 | u_mean=-0.045 u_std=0.016 v_std=0.004 r_std=0.0002
2026-05-16 06:42:08,813 - INFO -   seg  21 | w=0.0458 | u_mean=-0.000 u_std=0.009 v_std=0.005 r_std=0.0002
2026-05-16 06:42:08,813 - INFO -   seg  22 | w=0.0423 | u_mean=+0.014 u_std=0.001 v_std=0.003 r_std=0.0002
2026-05-16 06:42:08,813 - INFO -   seg  23 | w=0.0431 | u_mean=+0.002 u_std=0.005 v_std=0.005 r_std=0.0002
2026-05-16 06:42:08,813 - INFO -   seg  24 | w=0.0422 | u_mean=-0.005 u_std=0.001 v_std=0.006 r_std=0.0002
2026-05-16 06:42:08,813 - INFO -   seg  25 | w=11.5197 | u_mean=+1.430 u_std=0.522 v_std=0.047 r_std=0.0030
2026-05-16 06:42:08,813 - INFO -   seg  26 | w=0.0435 | u_mean=+1.867 u_std=0.005 v_std=0.104 r_std=0.0028
2026-05-16 06:42:08,813 - INFO -   seg  27 | w=0.0484 | u_mean=+1.842 u_std=0.012 v_std=0.133 r_std=0.0042
2026-05-16 06:42:08,813 - INFO -   seg  28 | w=0.0547 | u_mean=+1.804 u_std=0.017 v_std=0.153 r_std=0.0056
2026-05-16 06:42:08,813 - INFO -   seg  29 | w=0.0635 | u_mean=+1.755 u_std=0.022 v_std=0.167 r_std=0.0069
2026-05-16 06:42:08,813 - INFO -   seg  30 | w=0.0750 | u_mean=+1.697 u_std=0.027 v_std=0.176 r_std=0.0082
2026-05-16 06:42:08,813 - INFO -   seg  31 | w=0.0887 | u_mean=+1.629 u_std=0.033 v_std=0.181 r_std=0.0094
2026-05-16 06:42:08,813 - INFO -   seg  32 | w=1.4432 | u_mean=+2.182 u_std=0.182 v_std=0.124 r_std=0.0029
2026-05-16 06:42:08,813 - INFO -   seg  33 | w=0.0472 | u_mean=+2.281 u_std=0.011 v_std=0.124 r_std=0.0039
2026-05-16 06:42:08,813 - INFO -   seg  34 | w=0.0561 | u_mean=+2.241 u_std=0.018 v_std=0.173 r_std=0.0063
2026-05-16 06:42:08,813 - INFO -   seg  35 | w=0.0666 | u_mean=+2.183 u_std=0.023 v_std=0.204 r_std=0.0084
2026-05-16 06:42:08,813 - INFO -   seg  36 | w=0.0845 | u_mean=+2.114 u_std=0.031 v_std=0.216 r_std=0.0104
2026-05-16 06:42:08,813 - INFO -   seg  37 | w=0.1095 | u_mean=+2.031 u_std=0.039 v_std=0.221 r_std=0.0123
2026-05-16 06:42:08,813 - INFO -   seg  38 | w=0.1421 | u_mean=+1.936 u_std=0.048 v_std=0.220 r_std=0.0142
2026-05-16 06:42:08,813 - INFO -   seg  39 | w=1.3020 | u_mean=+2.548 u_std=0.173 v_std=0.156 r_std=0.0042
2026-05-16 06:42:08,813 - INFO -   seg  40 | w=0.0485 | u_mean=+2.623 u_std=0.012 v_std=0.178 r_std=0.0054
2026-05-16 06:42:08,813 - INFO -   seg  41 | w=0.0603 | u_mean=+2.572 u_std=0.020 v_std=0.214 r_std=0.0080
2026-05-16 06:42:08,813 - INFO -   seg  42 | w=0.0808 | u_mean=+2.497 u_std=0.029 v_std=0.237 r_std=0.0108
2026-05-16 06:42:08,813 - INFO -   seg  43 | w=0.1107 | u_mean=+2.418 u_std=0.039 v_std=0.244 r_std=0.0132
2026-05-16 06:42:08,813 - INFO -   seg  44 | w=0.1538 | u_mean=+2.302 u_std=0.050 v_std=0.246 r_std=0.0162
2026-05-16 06:42:08,813 - INFO -   seg  45 | w=0.1983 | u_mean=+2.193 u_std=0.059 v_std=0.240 r_std=0.0183
2026-05-16 06:42:08,813 - INFO -   seg  46 | w=1.8705 | u_mean=+2.842 u_std=0.208 v_std=0.182 r_std=0.0055
2026-05-16 06:42:08,813 - INFO -   seg  47 | w=0.0507 | u_mean=+2.927 u_std=0.013 v_std=0.195 r_std=0.0062
2026-05-16 06:42:08,813 - INFO -   seg  48 | w=0.0891 | u_mean=+2.876 u_std=0.033 v_std=0.220 r_std=0.0091
2026-05-16 06:42:08,813 - INFO -   seg  49 | w=0.1247 | u_mean=+2.794 u_std=0.043 v_std=0.248 r_std=0.0120
2026-05-16 06:42:08,813 - INFO -   seg  50 | w=0.2176 | u_mean=+2.702 u_std=0.064 v_std=0.252 r_std=0.0150
2026-05-16 06:42:08,813 - INFO -   seg  51 | w=0.2972 | u_mean=+2.584 u_std=0.077 v_std=0.255 r_std=0.0179
2026-05-16 06:42:08,813 - INFO -   seg  52 | w=0.4360 | u_mean=+2.453 u_std=0.095 v_std=0.247 r_std=0.0207
2026-05-16 06:42:08,813 - INFO -   seg  53 | w=1.4256 | u_mean=+3.150 u_std=0.181 v_std=0.151 r_std=0.0035
2026-05-16 06:42:08,813 - INFO -   seg  54 | w=0.0589 | u_mean=+3.208 u_std=0.019 v_std=0.194 r_std=0.0070
2026-05-16 06:42:08,813 - INFO -   seg  55 | w=0.1029 | u_mean=+3.147 u_std=0.037 v_std=0.232 r_std=0.0104
2026-05-16 06:42:08,813 - INFO -   seg  56 | w=0.1873 | u_mean=+3.063 u_std=0.058 v_std=0.252 r_std=0.0138
2026-05-16 06:42:08,813 - INFO -   seg  57 | w=0.3206 | u_mean=+2.959 u_std=0.080 v_std=0.260 r_std=0.0171
2026-05-16 06:42:08,813 - INFO -   seg  58 | w=0.5126 | u_mean=+2.833 u_std=0.105 v_std=0.258 r_std=0.0203
2026-05-16 06:42:08,813 - INFO -   seg  59 | w=0.7611 | u_mean=+2.688 u_std=0.129 v_std=0.247 r_std=0.0234
2026-05-16 06:42:08,813 - INFO -   seg  60 | w=1.1245 | u_mean=+3.421 u_std=0.160 v_std=0.163 r_std=0.0054
2026-05-16 06:42:08,813 - INFO -   seg  61 | w=0.0576 | u_mean=+3.454 u_std=0.018 v_std=0.237 r_std=0.0085
2026-05-16 06:42:08,813 - INFO -   seg  62 | w=0.1035 | u_mean=+3.391 u_std=0.037 v_std=0.256 r_std=0.0121
2026-05-16 06:42:08,813 - INFO -   seg  63 | w=0.1842 | u_mean=+3.297 u_std=0.057 v_std=0.279 r_std=0.0158
2026-05-16 06:42:08,813 - INFO -   seg  64 | w=0.3379 | u_mean=+3.182 u_std=0.083 v_std=0.283 r_std=0.0196
2026-05-16 06:42:08,813 - INFO -   seg  65 | w=0.5424 | u_mean=+3.043 u_std=0.108 v_std=0.280 r_std=0.0232
2026-05-16 06:42:08,813 - INFO -   seg  66 | w=0.8343 | u_mean=+2.883 u_std=0.136 v_std=0.267 r_std=0.0266
2026-05-16 06:42:08,813 - INFO -   seg  67 | w=1.5264 | u_mean=+3.644 u_std=0.187 v_std=0.220 r_std=0.0074
2026-05-16 06:42:08,813 - INFO -   seg  68 | w=0.0643 | u_mean=+3.690 u_std=0.022 v_std=0.254 r_std=0.0092
2026-05-16 06:42:08,813 - INFO -   seg  69 | w=0.1382 | u_mean=+3.613 u_std=0.047 v_std=0.280 r_std=0.0136
2026-05-16 06:42:08,813 - INFO -   seg  70 | w=0.2596 | u_mean=+3.505 u_std=0.071 v_std=0.297 r_std=0.0181
2026-05-16 06:42:08,813 - INFO -   seg  71 | w=0.4319 | u_mean=+3.372 u_std=0.095 v_std=0.299 r_std=0.0226
2026-05-16 06:42:08,813 - INFO -   seg  72 | w=0.5971 | u_mean=+3.217 u_std=0.113 v_std=0.291 r_std=0.0268
2026-05-16 06:42:08,814 - INFO -   seg  73 | w=0.7254 | u_mean=+3.033 u_std=0.125 v_std=0.278 r_std=0.0302
2026-05-16 06:42:08,814 - INFO -   seg  74 | w=2.3081 | u_mean=+3.845 u_std=0.232 v_std=0.247 r_std=0.0090
2026-05-16 06:42:08,814 - INFO -   seg  75 | w=0.0696 | u_mean=+3.912 u_std=0.024 v_std=0.262 r_std=0.0100
2026-05-16 06:42:08,814 - INFO -   seg  76 | w=0.1424 | u_mean=+3.823 u_std=0.048 v_std=0.300 r_std=0.0150
2026-05-16 06:42:08,814 - INFO -   seg  77 | w=0.2708 | u_mean=+3.702 u_std=0.072 v_std=0.318 r_std=0.0199
2026-05-16 06:42:08,814 - INFO -   seg  78 | w=0.4691 | u_mean=+3.554 u_std=0.099 v_std=0.318 r_std=0.0247
2026-05-16 06:42:08,814 - INFO -   seg  79 | w=0.7567 | u_mean=+3.378 u_std=0.128 v_std=0.306 r_std=0.0294
2026-05-16 06:42:08,814 - INFO -   seg  80 | w=1.1464 | u_mean=+3.179 u_std=0.160 v_std=0.282 r_std=0.0339
2026-05-16 06:42:08,814 - INFO -   seg  81 | w=1.3349 | u_mean=+4.098 u_std=0.175 v_std=0.203 r_std=0.0068
2026-05-16 06:42:08,814 - INFO -   seg  82 | w=0.0776 | u_mean=+4.123 u_std=0.028 v_std=0.264 r_std=0.0109
2026-05-16 06:42:08,814 - INFO -   seg  83 | w=0.1424 | u_mean=+4.021 u_std=0.047 v_std=0.320 r_std=0.0165
2026-05-16 06:42:08,814 - INFO -   seg  84 | w=0.2670 | u_mean=+3.887 u_std=0.071 v_std=0.337 r_std=0.0220
2026-05-16 06:42:08,814 - INFO -   seg  85 | w=0.4671 | u_mean=+3.723 u_std=0.098 v_std=0.333 r_std=0.0273
2026-05-16 06:42:08,814 - INFO -   seg  86 | w=0.7474 | u_mean=+3.532 u_std=0.127 v_std=0.315 r_std=0.0324
2026-05-16 06:42:08,814 - INFO -   seg  87 | w=1.1234 | u_mean=+3.313 u_std=0.158 v_std=0.287 r_std=0.0373
2026-05-16 06:42:08,814 - INFO -   seg  88 | w=1.1014 | u_mean=+3.187 u_std=0.158 v_std=0.267 r_std=0.0196
2026-05-16 06:42:08,814 - INFO -   seg  89 | w=0.8187 | u_mean=+3.272 u_std=0.135 v_std=0.265 r_std=0.0163
2026-05-16 06:42:08,814 - INFO -   seg  90 | w=0.0422 | u_mean=-0.000 u_std=0.000 v_std=0.008 r_std=0.0005
2026-05-16 06:42:08,814 - INFO -   seg  91 | w=0.0422 | u_mean=-0.000 u_std=0.000 v_std=0.004 r_std=0.0002
2026-05-16 06:42:08,814 - INFO -   seg  92 | w=0.0422 | u_mean=-0.000 u_std=0.000 v_std=0.004 r_std=0.0002
2026-05-16 06:42:08,814 - INFO -   seg  93 | w=0.0422 | u_mean=-0.000 u_std=0.000 v_std=0.004 r_std=0.0002
2026-05-16 06:42:08,814 - INFO -   seg  94 | w=0.0422 | u_mean=-0.000 u_std=0.000 v_std=0.004 r_std=0.0002
2026-05-16 06:42:08,814 - INFO -   seg  95 | w=0.0422 | u_mean=-0.000 u_std=0.000 v_std=0.004 r_std=0.0002
2026-05-16 06:42:08,814 - INFO -   seg  96 | w=0.0422 | u_mean=-0.001 u_std=0.000 v_std=0.004 r_std=0.0002
2026-05-16 06:42:08,814 - INFO -   seg  97 | w=0.0422 | u_mean=-0.001 u_std=0.000 v_std=0.004 r_std=0.0002
2026-05-16 06:42:08,814 - INFO -   seg  98 | w=0.0422 | u_mean=-0.001 u_std=0.000 v_std=0.004 r_std=0.0002
2026-05-16 06:42:08,814 - WARNING - [seg_resample] max w_seg (40.054) > 10× mean (1.253); consider lowering --seg_resample_alpha to avoid one-segment overfit.
2026-05-16 06:42:09,446 - INFO - ================================================================================
2026-05-16 06:42:09,446 - INFO - Device: cpu | AMP: False
2026-05-16 06:42:09,446 - INFO - Model: v3 | class=HorizontalKoopmanModelV3 | n_cubic=11 | latent_dim=43 | hidden_dim=24 | clamp_pif=30.0
2026-05-16 06:42:09,446 - INFO - Train data: koopman_train_merged.npz | Val: koopman_val.npz | Test: koopman_test.npz
2026-05-16 06:42:09,446 - INFO - Batch: 1024 | Workers: 4 | Seed: 42
2026-05-16 06:42:09,446 - INFO - Curriculum pred_len: start=4 max=20 grow_every=3 stride=1
2026-05-16 06:42:09,446 - INFO - Loss weights: w_vel=1.0 w_acc=0.5 w_lin=0.0 w_recon=0.0 w_stab=5.0 w_l2=0.0001 w_bias=1.0 (u=80.0, v=100.0, r=30.0) gamma_step=1.1 gamma_bias=1.1 huber_beta=0.1 rho_max=0.999
2026-05-16 06:42:09,446 - INFO - Noise: input_std=0.02 ctrl_std=0.005 | EMA decay=0.999 no_ema=False | best_metric=composite_v3a
2026-05-16 06:42:09,446 - INFO - [plan-A] w_bias_v effective=100.000 (plan-A recommends ~100, ratio=1.00×); w_bias_u=80.000 w_bias_r=30.000
2026-05-16 06:42:09,446 - INFO - [plan-A] seg_resample=u_var_r_var alpha=1.0 | best_metric=composite_v3a | baseline_ckpt=checkpoints/koopman_v1_best.pth
2026-05-16 06:42:09,446 - INFO - Train samples: 197505 | Val samples: 35985 | Params: 13224
2026-05-16 06:42:09,446 - INFO - Initial spectral radius (I+A): 1.06615
2026-05-16 06:42:09,446 - INFO - ================================================================================
2026-05-16 06:42:14,277 - INFO - [composite_v3a] cached v1 baseline val vel_err@K=4, n=8192, mean=0.00611
2026-05-16 06:42:14,282 - INFO - Epoch [001/60] pl=4 LR=9.94e-04 Ltot=0.0447 (vel=0.0096, acc=0.0429, lin=0.0712, stab=0.0004, bias=0.0133) | val_vel_mean=0.73061 @K=1.15950 u@K=1.13585 v@K=0.23295 slope=0.983 inst=1.012 deg%=99.88 cV3a=6.27019 spec=1.008 | 4.8s
2026-05-16 06:42:14,288 - INFO -   ↳ new best [composite_v3a]=6.27019 (vel_rmse_mean=0.730608, inst=1.01163, slope=0.9827, deg%=99.88, epoch 1)
2026-05-16 06:42:19,607 - INFO - Epoch [002/60] pl=4 LR=9.76e-04 Ltot=0.0033 (vel=0.0021, acc=0.0017, lin=0.1071, stab=0.0000, bias=0.0004) | val_vel_mean=0.59243 @K=0.93094 u@K=0.91207 v@K=0.18673 slope=0.962 inst=0.997 deg%=99.82 cV3a=4.89541 spec=0.999 | 5.3s
2026-05-16 06:42:19,613 - INFO -   ↳ new best [composite_v3a]=4.89541 (vel_rmse_mean=0.592433, inst=0.997439, slope=0.9616, deg%=99.82, epoch 2)
2026-05-16 06:42:24,694 - INFO - Epoch [003/60] pl=4 LR=9.46e-04 Ltot=0.0030 (vel=0.0021, acc=0.0013, lin=0.1742, stab=0.0000, bias=0.0002) | val_vel_mean=0.48058 @K=0.74696 u@K=0.73181 v@K=0.15000 slope=0.939 inst=0.982 deg%=99.74 cV3a=3.85589 spec=0.998 | 5.1s
2026-05-16 06:42:24,700 - INFO -   ↳ new best [composite_v3a]=3.85589 (vel_rmse_mean=0.480578, inst=0.98232, slope=0.9386, deg%=99.74, epoch 3)
2026-05-16 06:42:24,700 - INFO - [Curriculum] pred_len -> 6; rebuilding dataloaders...
2026-05-16 06:42:24,751 - INFO - Dataset[TRAIN] koopman_train_merged.npz | segments=99 | samples=197307 | pred_len=6 | stride=1
2026-05-16 06:42:24,756 - INFO - Dataset[VAL] koopman_val.npz | segments=3 | samples=35979 | pred_len=6 | stride=1
2026-05-16 06:42:24,768 - INFO - [seg_resample] mode=u_var_r_var alpha=1.0 | n_segments=99 | w min=0.0422 max=40.0645 mean=1.2535 std=4.6482
2026-05-16 06:42:24,768 - INFO -   seg   0 | w=3.5030 | u_mean=+0.544 u_std=0.286 v_std=0.000 r_std=0.0000
2026-05-16 06:42:24,768 - INFO -   seg   1 | w=2.3893 | u_mean=+1.521 u_std=0.236 v_std=0.000 r_std=0.0000
2026-05-16 06:42:24,768 - INFO -   seg   2 | w=0.7808 | u_mean=+2.149 u_std=0.132 v_std=0.000 r_std=0.0000
2026-05-16 06:42:24,768 - INFO -   seg   3 | w=0.4467 | u_mean=+2.560 u_std=0.098 v_std=0.000 r_std=0.0000
2026-05-16 06:42:24,768 - INFO -   seg   4 | w=0.3280 | u_mean=+2.897 u_std=0.082 v_std=0.000 r_std=0.0000
2026-05-16 06:42:24,768 - INFO -   seg   5 | w=0.2638 | u_mean=+3.194 u_std=0.072 v_std=0.000 r_std=0.0000
2026-05-16 06:42:24,768 - INFO -   seg   6 | w=0.2218 | u_mean=+3.463 u_std=0.065 v_std=0.000 r_std=0.0000
2026-05-16 06:42:24,768 - INFO -   seg   7 | w=0.1922 | u_mean=+3.712 u_std=0.060 v_std=0.000 r_std=0.0000
2026-05-16 06:42:24,768 - INFO -   seg   8 | w=0.1702 | u_mean=+3.944 u_std=0.055 v_std=0.000 r_std=0.0000
2026-05-16 06:42:24,768 - INFO -   seg   9 | w=0.1533 | u_mean=+4.163 u_std=0.051 v_std=0.000 r_std=0.0000
2026-05-16 06:42:24,768 - INFO -   seg  10 | w=40.0645 | u_mean=+1.523 u_std=0.974 v_std=0.000 r_std=0.0000 HI
2026-05-16 06:42:24,769 - INFO -   seg  11 | w=14.3776 | u_mean=-0.831 u_std=0.583 v_std=0.000 r_std=0.0000
2026-05-16 06:42:24,769 - INFO -   seg  12 | w=1.4488 | u_mean=-2.105 u_std=0.183 v_std=0.000 r_std=0.0000
2026-05-16 06:42:24,769 - INFO -   seg  13 | w=0.4378 | u_mean=-2.570 u_std=0.097 v_std=0.000 r_std=0.0000
2026-05-16 06:42:24,769 - INFO -   seg  14 | w=0.3168 | u_mean=-2.905 u_std=0.081 v_std=0.000 r_std=0.0000
2026-05-16 06:42:24,769 - INFO -   seg  15 | w=0.2550 | u_mean=-3.200 u_std=0.071 v_std=0.000 r_std=0.0000
2026-05-16 06:42:24,769 - INFO -   seg  16 | w=17.2652 | u_mean=-1.167 u_std=0.639 v_std=0.035 r_std=0.0005
2026-05-16 06:42:24,769 - INFO -   seg  17 | w=0.2831 | u_mean=-0.379 u_std=0.076 v_std=0.005 r_std=0.0002
2026-05-16 06:42:24,769 - INFO -   seg  18 | w=0.0917 | u_mean=-0.206 u_std=0.034 v_std=0.004 r_std=0.0002
2026-05-16 06:42:24,769 - INFO -   seg  19 | w=0.0639 | u_mean=-0.111 u_std=0.023 v_std=0.004 r_std=0.0002
2026-05-16 06:42:24,769 - INFO -   seg  20 | w=0.0536 | u_mean=-0.045 u_std=0.016 v_std=0.004 r_std=0.0002
2026-05-16 06:42:24,769 - INFO -   seg  21 | w=0.0458 | u_mean=-0.000 u_std=0.009 v_std=0.005 r_std=0.0002
2026-05-16 06:42:24,769 - INFO -   seg  22 | w=0.0423 | u_mean=+0.014 u_std=0.001 v_std=0.003 r_std=0.0002
2026-05-16 06:42:24,769 - INFO -   seg  23 | w=0.0431 | u_mean=+0.002 u_std=0.005 v_std=0.005 r_std=0.0002
2026-05-16 06:42:24,769 - INFO -   seg  24 | w=0.0423 | u_mean=-0.005 u_std=0.001 v_std=0.006 r_std=0.0002
2026-05-16 06:42:24,769 - INFO -   seg  25 | w=11.5226 | u_mean=+1.430 u_std=0.522 v_std=0.047 r_std=0.0030
2026-05-16 06:42:24,769 - INFO -   seg  26 | w=0.0436 | u_mean=+1.867 u_std=0.005 v_std=0.104 r_std=0.0028
2026-05-16 06:42:24,769 - INFO -   seg  27 | w=0.0484 | u_mean=+1.842 u_std=0.012 v_std=0.133 r_std=0.0042
2026-05-16 06:42:24,769 - INFO -   seg  28 | w=0.0547 | u_mean=+1.804 u_std=0.017 v_std=0.153 r_std=0.0056
2026-05-16 06:42:24,769 - INFO -   seg  29 | w=0.0636 | u_mean=+1.755 u_std=0.022 v_std=0.167 r_std=0.0069
2026-05-16 06:42:24,769 - INFO -   seg  30 | w=0.0750 | u_mean=+1.697 u_std=0.027 v_std=0.176 r_std=0.0082
2026-05-16 06:42:24,769 - INFO -   seg  31 | w=0.0887 | u_mean=+1.629 u_std=0.033 v_std=0.181 r_std=0.0094
2026-05-16 06:42:24,769 - INFO -   seg  32 | w=1.4435 | u_mean=+2.182 u_std=0.182 v_std=0.124 r_std=0.0029
2026-05-16 06:42:24,769 - INFO -   seg  33 | w=0.0473 | u_mean=+2.281 u_std=0.011 v_std=0.124 r_std=0.0039
2026-05-16 06:42:24,769 - INFO -   seg  34 | w=0.0562 | u_mean=+2.241 u_std=0.018 v_std=0.173 r_std=0.0063
2026-05-16 06:42:24,769 - INFO -   seg  35 | w=0.0666 | u_mean=+2.183 u_std=0.023 v_std=0.204 r_std=0.0084
2026-05-16 06:42:24,769 - INFO -   seg  36 | w=0.0846 | u_mean=+2.114 u_std=0.031 v_std=0.216 r_std=0.0104
2026-05-16 06:42:24,769 - INFO -   seg  37 | w=0.1095 | u_mean=+2.031 u_std=0.039 v_std=0.221 r_std=0.0123
2026-05-16 06:42:24,769 - INFO -   seg  38 | w=0.1421 | u_mean=+1.936 u_std=0.048 v_std=0.220 r_std=0.0142
2026-05-16 06:42:24,769 - INFO -   seg  39 | w=1.3024 | u_mean=+2.548 u_std=0.173 v_std=0.156 r_std=0.0042
2026-05-16 06:42:24,769 - INFO -   seg  40 | w=0.0486 | u_mean=+2.623 u_std=0.012 v_std=0.178 r_std=0.0054
2026-05-16 06:42:24,769 - INFO -   seg  41 | w=0.0603 | u_mean=+2.572 u_std=0.020 v_std=0.214 r_std=0.0080
2026-05-16 06:42:24,769 - INFO -   seg  42 | w=0.0808 | u_mean=+2.497 u_std=0.029 v_std=0.237 r_std=0.0108
2026-05-16 06:42:24,769 - INFO -   seg  43 | w=0.1107 | u_mean=+2.418 u_std=0.039 v_std=0.244 r_std=0.0132
2026-05-16 06:42:24,769 - INFO -   seg  44 | w=0.1538 | u_mean=+2.302 u_std=0.050 v_std=0.246 r_std=0.0162
2026-05-16 06:42:24,769 - INFO -   seg  45 | w=0.1984 | u_mean=+2.193 u_std=0.059 v_std=0.240 r_std=0.0183
2026-05-16 06:42:24,769 - INFO -   seg  46 | w=1.8710 | u_mean=+2.842 u_std=0.208 v_std=0.182 r_std=0.0055
2026-05-16 06:42:24,769 - INFO -   seg  47 | w=0.0507 | u_mean=+2.927 u_std=0.013 v_std=0.195 r_std=0.0062
2026-05-16 06:42:24,769 - INFO -   seg  48 | w=0.0891 | u_mean=+2.876 u_std=0.033 v_std=0.220 r_std=0.0091
2026-05-16 06:42:24,769 - INFO -   seg  49 | w=0.1248 | u_mean=+2.794 u_std=0.043 v_std=0.248 r_std=0.0120
2026-05-16 06:42:24,769 - INFO -   seg  50 | w=0.2176 | u_mean=+2.702 u_std=0.064 v_std=0.252 r_std=0.0150
2026-05-16 06:42:24,769 - INFO -   seg  51 | w=0.2973 | u_mean=+2.584 u_std=0.077 v_std=0.255 r_std=0.0179
2026-05-16 06:42:24,769 - INFO -   seg  52 | w=0.4361 | u_mean=+2.453 u_std=0.095 v_std=0.247 r_std=0.0207
2026-05-16 06:42:24,769 - INFO -   seg  53 | w=1.4260 | u_mean=+3.150 u_std=0.181 v_std=0.151 r_std=0.0035
2026-05-16 06:42:24,769 - INFO -   seg  54 | w=0.0589 | u_mean=+3.208 u_std=0.019 v_std=0.194 r_std=0.0070
2026-05-16 06:42:24,769 - INFO -   seg  55 | w=0.1029 | u_mean=+3.147 u_std=0.037 v_std=0.232 r_std=0.0104
2026-05-16 06:42:24,769 - INFO -   seg  56 | w=0.1873 | u_mean=+3.063 u_std=0.058 v_std=0.252 r_std=0.0138
2026-05-16 06:42:24,769 - INFO -   seg  57 | w=0.3207 | u_mean=+2.959 u_std=0.080 v_std=0.260 r_std=0.0171
2026-05-16 06:42:24,769 - INFO -   seg  58 | w=0.5127 | u_mean=+2.833 u_std=0.105 v_std=0.258 r_std=0.0203
2026-05-16 06:42:24,769 - INFO -   seg  59 | w=0.7613 | u_mean=+2.688 u_std=0.129 v_std=0.247 r_std=0.0234
2026-05-16 06:42:24,769 - INFO -   seg  60 | w=1.1248 | u_mean=+3.421 u_std=0.160 v_std=0.163 r_std=0.0054
2026-05-16 06:42:24,769 - INFO -   seg  61 | w=0.0576 | u_mean=+3.454 u_std=0.018 v_std=0.237 r_std=0.0085
2026-05-16 06:42:24,769 - INFO -   seg  62 | w=0.1035 | u_mean=+3.391 u_std=0.037 v_std=0.256 r_std=0.0121
2026-05-16 06:42:24,769 - INFO -   seg  63 | w=0.1843 | u_mean=+3.297 u_std=0.057 v_std=0.279 r_std=0.0158
2026-05-16 06:42:24,769 - INFO -   seg  64 | w=0.3380 | u_mean=+3.182 u_std=0.083 v_std=0.283 r_std=0.0196
2026-05-16 06:42:24,769 - INFO -   seg  65 | w=0.5425 | u_mean=+3.043 u_std=0.108 v_std=0.280 r_std=0.0232
2026-05-16 06:42:24,769 - INFO -   seg  66 | w=0.8345 | u_mean=+2.883 u_std=0.136 v_std=0.267 r_std=0.0266
2026-05-16 06:42:24,769 - INFO -   seg  67 | w=1.5267 | u_mean=+3.644 u_std=0.187 v_std=0.220 r_std=0.0074
2026-05-16 06:42:24,769 - INFO -   seg  68 | w=0.0644 | u_mean=+3.690 u_std=0.022 v_std=0.254 r_std=0.0092
2026-05-16 06:42:24,769 - INFO -   seg  69 | w=0.1382 | u_mean=+3.613 u_std=0.047 v_std=0.280 r_std=0.0136
2026-05-16 06:42:24,769 - INFO -   seg  70 | w=0.2597 | u_mean=+3.505 u_std=0.071 v_std=0.297 r_std=0.0181
2026-05-16 06:42:24,769 - INFO -   seg  71 | w=0.4320 | u_mean=+3.372 u_std=0.095 v_std=0.299 r_std=0.0226
2026-05-16 06:42:24,769 - INFO -   seg  72 | w=0.5973 | u_mean=+3.217 u_std=0.113 v_std=0.291 r_std=0.0268
2026-05-16 06:42:24,769 - INFO -   seg  73 | w=0.7256 | u_mean=+3.033 u_std=0.125 v_std=0.278 r_std=0.0302
2026-05-16 06:42:24,769 - INFO -   seg  74 | w=2.3087 | u_mean=+3.845 u_std=0.232 v_std=0.247 r_std=0.0090
2026-05-16 06:42:24,770 - INFO -   seg  75 | w=0.0696 | u_mean=+3.912 u_std=0.024 v_std=0.262 r_std=0.0100
2026-05-16 06:42:24,770 - INFO -   seg  76 | w=0.1424 | u_mean=+3.823 u_std=0.048 v_std=0.300 r_std=0.0150
2026-05-16 06:42:24,770 - INFO -   seg  77 | w=0.2709 | u_mean=+3.702 u_std=0.072 v_std=0.318 r_std=0.0199
2026-05-16 06:42:24,770 - INFO -   seg  78 | w=0.4693 | u_mean=+3.554 u_std=0.099 v_std=0.318 r_std=0.0247
2026-05-16 06:42:24,770 - INFO -   seg  79 | w=0.7569 | u_mean=+3.378 u_std=0.128 v_std=0.306 r_std=0.0294
2026-05-16 06:42:24,770 - INFO -   seg  80 | w=1.1467 | u_mean=+3.179 u_std=0.160 v_std=0.282 r_std=0.0339
2026-05-16 06:42:24,770 - INFO -   seg  81 | w=1.3352 | u_mean=+4.098 u_std=0.175 v_std=0.203 r_std=0.0068
2026-05-16 06:42:24,770 - INFO -   seg  82 | w=0.0777 | u_mean=+4.123 u_std=0.028 v_std=0.264 r_std=0.0109
2026-05-16 06:42:24,770 - INFO -   seg  83 | w=0.1425 | u_mean=+4.021 u_std=0.047 v_std=0.320 r_std=0.0165
2026-05-16 06:42:24,770 - INFO -   seg  84 | w=0.2671 | u_mean=+3.887 u_std=0.071 v_std=0.337 r_std=0.0220
2026-05-16 06:42:24,770 - INFO -   seg  85 | w=0.4672 | u_mean=+3.723 u_std=0.098 v_std=0.333 r_std=0.0273
2026-05-16 06:42:24,770 - INFO -   seg  86 | w=0.7476 | u_mean=+3.532 u_std=0.127 v_std=0.315 r_std=0.0324
2026-05-16 06:42:24,770 - INFO -   seg  87 | w=1.1237 | u_mean=+3.313 u_std=0.158 v_std=0.287 r_std=0.0373
2026-05-16 06:42:24,770 - INFO -   seg  88 | w=1.1017 | u_mean=+3.187 u_std=0.158 v_std=0.267 r_std=0.0196
2026-05-16 06:42:24,770 - INFO -   seg  89 | w=0.8189 | u_mean=+3.272 u_std=0.135 v_std=0.265 r_std=0.0163
2026-05-16 06:42:24,770 - INFO -   seg  90 | w=0.0422 | u_mean=-0.000 u_std=0.000 v_std=0.008 r_std=0.0005
2026-05-16 06:42:24,770 - INFO -   seg  91 | w=0.0422 | u_mean=-0.000 u_std=0.000 v_std=0.004 r_std=0.0002
2026-05-16 06:42:24,770 - INFO -   seg  92 | w=0.0422 | u_mean=-0.000 u_std=0.000 v_std=0.004 r_std=0.0002
2026-05-16 06:42:24,770 - INFO -   seg  93 | w=0.0422 | u_mean=-0.000 u_std=0.000 v_std=0.004 r_std=0.0002
2026-05-16 06:42:24,770 - INFO -   seg  94 | w=0.0422 | u_mean=-0.000 u_std=0.000 v_std=0.004 r_std=0.0002
2026-05-16 06:42:24,770 - INFO -   seg  95 | w=0.0422 | u_mean=-0.000 u_std=0.000 v_std=0.004 r_std=0.0002
2026-05-16 06:42:24,770 - INFO -   seg  96 | w=0.0422 | u_mean=-0.001 u_std=0.000 v_std=0.004 r_std=0.0002
2026-05-16 06:42:24,770 - INFO -   seg  97 | w=0.0422 | u_mean=-0.001 u_std=0.000 v_std=0.004 r_std=0.0002
2026-05-16 06:42:24,770 - INFO -   seg  98 | w=0.0422 | u_mean=-0.001 u_std=0.000 v_std=0.004 r_std=0.0002
2026-05-16 06:42:24,770 - WARNING - [seg_resample] max w_seg (40.065) > 10× mean (1.253); consider lowering --seg_resample_alpha to avoid one-segment overfit.
2026-05-16 06:42:30,162 - INFO - [composite_v3a] cached v1 baseline val vel_err@K=6, n=8192, mean=0.00909
2026-05-16 06:42:30,165 - INFO - Epoch [004/60] pl=6 LR=9.05e-04 Ltot=0.0034 (vel=0.0021, acc=0.0012, lin=0.4236, stab=0.0000, bias=0.0006) | val_vel_mean=0.51962 @K=0.83598 u@K=0.81721 v@K=0.17597 slope=0.893 inst=1.060 deg%=99.41 cV3a=4.15092 spec=0.999 | 5.4s
2026-05-16 06:42:35,809 - INFO - Epoch [005/60] pl=6 LR=8.54e-04 Ltot=0.0029 (vel=0.0021, acc=0.0009, lin=0.5857, stab=0.0000, bias=0.0003) | val_vel_mean=0.41552 @K=0.65572 u@K=0.64119 v@K=0.13738 slope=0.861 inst=1.031 deg%=99.30 cV3a=3.08695 spec=0.998 | 5.6s
2026-05-16 06:42:35,815 - INFO -   ↳ new best [composite_v3a]=3.08695 (vel_rmse_mean=0.415521, inst=1.03091, slope=0.8614, deg%=99.30, epoch 5)
2026-05-16 06:42:41,402 - INFO - Epoch [006/60] pl=6 LR=7.94e-04 Ltot=0.0028 (vel=0.0020, acc=0.0007, lin=0.7281, stab=0.0000, bias=0.0003) | val_vel_mean=0.33336 @K=0.51688 u@K=0.50568 v@K=0.10697 slope=0.832 inst=1.005 deg%=99.28 cV3a=2.31460 spec=0.998 | 5.6s
2026-05-16 06:42:41,407 - INFO -   ↳ new best [composite_v3a]=2.3146 (vel_rmse_mean=0.333357, inst=1.00513, slope=0.8321, deg%=99.28, epoch 6)
2026-05-16 06:42:41,407 - INFO - [Curriculum] pred_len -> 8; rebuilding dataloaders...
2026-05-16 06:42:41,448 - INFO - Dataset[TRAIN] koopman_train_merged.npz | segments=99 | samples=197109 | pred_len=8 | stride=1
2026-05-16 06:42:41,453 - INFO - Dataset[VAL] koopman_val.npz | segments=3 | samples=35973 | pred_len=8 | stride=1
2026-05-16 06:42:41,464 - INFO - [seg_resample] mode=u_var_r_var alpha=1.0 | n_segments=99 | w min=0.0422 max=40.0747 mean=1.2538 std=4.6494
2026-05-16 06:42:41,465 - INFO -   seg   0 | w=3.5039 | u_mean=+0.544 u_std=0.286 v_std=0.000 r_std=0.0000
2026-05-16 06:42:41,465 - INFO -   seg   1 | w=2.3899 | u_mean=+1.521 u_std=0.236 v_std=0.000 r_std=0.0000
2026-05-16 06:42:41,465 - INFO -   seg   2 | w=0.7810 | u_mean=+2.149 u_std=0.132 v_std=0.000 r_std=0.0000
2026-05-16 06:42:41,465 - INFO -   seg   3 | w=0.4468 | u_mean=+2.560 u_std=0.098 v_std=0.000 r_std=0.0000
2026-05-16 06:42:41,465 - INFO -   seg   4 | w=0.3281 | u_mean=+2.897 u_std=0.082 v_std=0.000 r_std=0.0000
2026-05-16 06:42:41,465 - INFO -   seg   5 | w=0.2638 | u_mean=+3.194 u_std=0.072 v_std=0.000 r_std=0.0000
2026-05-16 06:42:41,465 - INFO -   seg   6 | w=0.2219 | u_mean=+3.463 u_std=0.065 v_std=0.000 r_std=0.0000
2026-05-16 06:42:41,465 - INFO -   seg   7 | w=0.1922 | u_mean=+3.712 u_std=0.060 v_std=0.000 r_std=0.0000
2026-05-16 06:42:41,465 - INFO -   seg   8 | w=0.1703 | u_mean=+3.944 u_std=0.055 v_std=0.000 r_std=0.0000
2026-05-16 06:42:41,465 - INFO -   seg   9 | w=0.1533 | u_mean=+4.163 u_std=0.051 v_std=0.000 r_std=0.0000
2026-05-16 06:42:41,465 - INFO -   seg  10 | w=40.0747 | u_mean=+1.523 u_std=0.974 v_std=0.000 r_std=0.0000 HI
2026-05-16 06:42:41,465 - INFO -   seg  11 | w=14.3812 | u_mean=-0.831 u_std=0.583 v_std=0.000 r_std=0.0000
2026-05-16 06:42:41,465 - INFO -   seg  12 | w=1.4492 | u_mean=-2.105 u_std=0.183 v_std=0.000 r_std=0.0000
2026-05-16 06:42:41,465 - INFO -   seg  13 | w=0.4379 | u_mean=-2.570 u_std=0.097 v_std=0.000 r_std=0.0000
2026-05-16 06:42:41,465 - INFO -   seg  14 | w=0.3169 | u_mean=-2.905 u_std=0.081 v_std=0.000 r_std=0.0000
2026-05-16 06:42:41,465 - INFO -   seg  15 | w=0.2550 | u_mean=-3.200 u_std=0.071 v_std=0.000 r_std=0.0000
2026-05-16 06:42:41,465 - INFO -   seg  16 | w=17.2696 | u_mean=-1.167 u_std=0.639 v_std=0.035 r_std=0.0005
2026-05-16 06:42:41,465 - INFO -   seg  17 | w=0.2832 | u_mean=-0.379 u_std=0.076 v_std=0.005 r_std=0.0002
2026-05-16 06:42:41,465 - INFO -   seg  18 | w=0.0917 | u_mean=-0.206 u_std=0.034 v_std=0.004 r_std=0.0002
2026-05-16 06:42:41,465 - INFO -   seg  19 | w=0.0639 | u_mean=-0.111 u_std=0.023 v_std=0.004 r_std=0.0002
2026-05-16 06:42:41,465 - INFO -   seg  20 | w=0.0536 | u_mean=-0.045 u_std=0.016 v_std=0.004 r_std=0.0002
2026-05-16 06:42:41,465 - INFO -   seg  21 | w=0.0458 | u_mean=-0.000 u_std=0.009 v_std=0.005 r_std=0.0002
2026-05-16 06:42:41,465 - INFO -   seg  22 | w=0.0423 | u_mean=+0.014 u_std=0.001 v_std=0.003 r_std=0.0002
2026-05-16 06:42:41,465 - INFO -   seg  23 | w=0.0432 | u_mean=+0.002 u_std=0.005 v_std=0.005 r_std=0.0002
2026-05-16 06:42:41,465 - INFO -   seg  24 | w=0.0423 | u_mean=-0.005 u_std=0.001 v_std=0.006 r_std=0.0002
2026-05-16 06:42:41,465 - INFO -   seg  25 | w=11.5256 | u_mean=+1.430 u_std=0.522 v_std=0.047 r_std=0.0030
2026-05-16 06:42:41,465 - INFO -   seg  26 | w=0.0436 | u_mean=+1.867 u_std=0.005 v_std=0.104 r_std=0.0028
2026-05-16 06:42:41,465 - INFO -   seg  27 | w=0.0484 | u_mean=+1.842 u_std=0.012 v_std=0.133 r_std=0.0042
2026-05-16 06:42:41,465 - INFO -   seg  28 | w=0.0547 | u_mean=+1.804 u_std=0.017 v_std=0.153 r_std=0.0056
2026-05-16 06:42:41,465 - INFO -   seg  29 | w=0.0636 | u_mean=+1.755 u_std=0.022 v_std=0.167 r_std=0.0069
2026-05-16 06:42:41,465 - INFO -   seg  30 | w=0.0750 | u_mean=+1.697 u_std=0.027 v_std=0.176 r_std=0.0082
2026-05-16 06:42:41,465 - INFO -   seg  31 | w=0.0887 | u_mean=+1.629 u_std=0.033 v_std=0.181 r_std=0.0094
2026-05-16 06:42:41,465 - INFO -   seg  32 | w=1.4439 | u_mean=+2.182 u_std=0.182 v_std=0.124 r_std=0.0029
2026-05-16 06:42:41,465 - INFO -   seg  33 | w=0.0473 | u_mean=+2.281 u_std=0.011 v_std=0.124 r_std=0.0039
2026-05-16 06:42:41,465 - INFO -   seg  34 | w=0.0562 | u_mean=+2.241 u_std=0.018 v_std=0.173 r_std=0.0063
2026-05-16 06:42:41,465 - INFO -   seg  35 | w=0.0666 | u_mean=+2.183 u_std=0.023 v_std=0.204 r_std=0.0084
2026-05-16 06:42:41,465 - INFO -   seg  36 | w=0.0846 | u_mean=+2.114 u_std=0.031 v_std=0.216 r_std=0.0104
2026-05-16 06:42:41,465 - INFO -   seg  37 | w=0.1096 | u_mean=+2.031 u_std=0.039 v_std=0.221 r_std=0.0123
2026-05-16 06:42:41,465 - INFO -   seg  38 | w=0.1422 | u_mean=+1.936 u_std=0.048 v_std=0.220 r_std=0.0142
2026-05-16 06:42:41,465 - INFO -   seg  39 | w=1.3027 | u_mean=+2.548 u_std=0.173 v_std=0.156 r_std=0.0042
2026-05-16 06:42:41,465 - INFO -   seg  40 | w=0.0486 | u_mean=+2.623 u_std=0.012 v_std=0.178 r_std=0.0054
2026-05-16 06:42:41,465 - INFO -   seg  41 | w=0.0603 | u_mean=+2.572 u_std=0.020 v_std=0.214 r_std=0.0080
2026-05-16 06:42:41,465 - INFO -   seg  42 | w=0.0808 | u_mean=+2.497 u_std=0.029 v_std=0.237 r_std=0.0108
2026-05-16 06:42:41,465 - INFO -   seg  43 | w=0.1107 | u_mean=+2.418 u_std=0.039 v_std=0.244 r_std=0.0132
2026-05-16 06:42:41,465 - INFO -   seg  44 | w=0.1539 | u_mean=+2.302 u_std=0.050 v_std=0.246 r_std=0.0162
2026-05-16 06:42:41,465 - INFO -   seg  45 | w=0.1984 | u_mean=+2.193 u_std=0.059 v_std=0.240 r_std=0.0183
2026-05-16 06:42:41,465 - INFO -   seg  46 | w=1.8715 | u_mean=+2.842 u_std=0.208 v_std=0.182 r_std=0.0055
2026-05-16 06:42:41,465 - INFO -   seg  47 | w=0.0507 | u_mean=+2.927 u_std=0.013 v_std=0.195 r_std=0.0062
2026-05-16 06:42:41,465 - INFO -   seg  48 | w=0.0891 | u_mean=+2.876 u_std=0.033 v_std=0.220 r_std=0.0091
2026-05-16 06:42:41,465 - INFO -   seg  49 | w=0.1248 | u_mean=+2.794 u_std=0.043 v_std=0.248 r_std=0.0120
2026-05-16 06:42:41,465 - INFO -   seg  50 | w=0.2177 | u_mean=+2.702 u_std=0.064 v_std=0.252 r_std=0.0150
2026-05-16 06:42:41,465 - INFO -   seg  51 | w=0.2973 | u_mean=+2.584 u_std=0.077 v_std=0.255 r_std=0.0179
2026-05-16 06:42:41,465 - INFO -   seg  52 | w=0.4362 | u_mean=+2.453 u_std=0.095 v_std=0.247 r_std=0.0207
2026-05-16 06:42:41,465 - INFO -   seg  53 | w=1.4263 | u_mean=+3.150 u_std=0.181 v_std=0.151 r_std=0.0035
2026-05-16 06:42:41,465 - INFO -   seg  54 | w=0.0589 | u_mean=+3.208 u_std=0.019 v_std=0.194 r_std=0.0070
2026-05-16 06:42:41,465 - INFO -   seg  55 | w=0.1029 | u_mean=+3.147 u_std=0.037 v_std=0.232 r_std=0.0104
2026-05-16 06:42:41,465 - INFO -   seg  56 | w=0.1874 | u_mean=+3.063 u_std=0.058 v_std=0.252 r_std=0.0138
2026-05-16 06:42:41,465 - INFO -   seg  57 | w=0.3208 | u_mean=+2.959 u_std=0.080 v_std=0.260 r_std=0.0171
2026-05-16 06:42:41,465 - INFO -   seg  58 | w=0.5129 | u_mean=+2.833 u_std=0.105 v_std=0.258 r_std=0.0203
2026-05-16 06:42:41,465 - INFO -   seg  59 | w=0.7614 | u_mean=+2.688 u_std=0.129 v_std=0.247 r_std=0.0234
2026-05-16 06:42:41,465 - INFO -   seg  60 | w=1.1251 | u_mean=+3.421 u_std=0.160 v_std=0.163 r_std=0.0054
2026-05-16 06:42:41,465 - INFO -   seg  61 | w=0.0576 | u_mean=+3.454 u_std=0.018 v_std=0.237 r_std=0.0085
2026-05-16 06:42:41,465 - INFO -   seg  62 | w=0.1036 | u_mean=+3.391 u_std=0.037 v_std=0.256 r_std=0.0121
2026-05-16 06:42:41,466 - INFO -   seg  63 | w=0.1843 | u_mean=+3.297 u_std=0.057 v_std=0.279 r_std=0.0158
2026-05-16 06:42:41,466 - INFO -   seg  64 | w=0.3381 | u_mean=+3.182 u_std=0.083 v_std=0.283 r_std=0.0196
2026-05-16 06:42:41,466 - INFO -   seg  65 | w=0.5427 | u_mean=+3.043 u_std=0.108 v_std=0.280 r_std=0.0232
2026-05-16 06:42:41,466 - INFO -   seg  66 | w=0.8347 | u_mean=+2.883 u_std=0.136 v_std=0.267 r_std=0.0266
2026-05-16 06:42:41,466 - INFO -   seg  67 | w=1.5271 | u_mean=+3.644 u_std=0.187 v_std=0.220 r_std=0.0074
2026-05-16 06:42:41,466 - INFO -   seg  68 | w=0.0644 | u_mean=+3.690 u_std=0.022 v_std=0.254 r_std=0.0092
2026-05-16 06:42:41,466 - INFO -   seg  69 | w=0.1383 | u_mean=+3.613 u_std=0.047 v_std=0.280 r_std=0.0136
2026-05-16 06:42:41,466 - INFO -   seg  70 | w=0.2598 | u_mean=+3.505 u_std=0.071 v_std=0.297 r_std=0.0181
2026-05-16 06:42:41,466 - INFO -   seg  71 | w=0.4321 | u_mean=+3.372 u_std=0.095 v_std=0.299 r_std=0.0226
2026-05-16 06:42:41,466 - INFO -   seg  72 | w=0.5974 | u_mean=+3.217 u_std=0.113 v_std=0.291 r_std=0.0268
2026-05-16 06:42:41,466 - INFO -   seg  73 | w=0.7258 | u_mean=+3.033 u_std=0.125 v_std=0.278 r_std=0.0302
2026-05-16 06:42:41,466 - INFO -   seg  74 | w=2.3093 | u_mean=+3.845 u_std=0.232 v_std=0.247 r_std=0.0090
2026-05-16 06:42:41,466 - INFO -   seg  75 | w=0.0696 | u_mean=+3.912 u_std=0.024 v_std=0.262 r_std=0.0100
2026-05-16 06:42:41,466 - INFO -   seg  76 | w=0.1424 | u_mean=+3.823 u_std=0.048 v_std=0.300 r_std=0.0150
2026-05-16 06:42:41,466 - INFO -   seg  77 | w=0.2709 | u_mean=+3.702 u_std=0.072 v_std=0.318 r_std=0.0199
2026-05-16 06:42:41,466 - INFO -   seg  78 | w=0.4694 | u_mean=+3.554 u_std=0.099 v_std=0.318 r_std=0.0247
2026-05-16 06:42:41,466 - INFO -   seg  79 | w=0.7570 | u_mean=+3.378 u_std=0.128 v_std=0.306 r_std=0.0294
2026-05-16 06:42:41,466 - INFO -   seg  80 | w=1.1470 | u_mean=+3.179 u_std=0.160 v_std=0.282 r_std=0.0339
2026-05-16 06:42:41,466 - INFO -   seg  81 | w=1.3356 | u_mean=+4.098 u_std=0.175 v_std=0.203 r_std=0.0068
2026-05-16 06:42:41,466 - INFO -   seg  82 | w=0.0777 | u_mean=+4.123 u_std=0.028 v_std=0.264 r_std=0.0109
2026-05-16 06:42:41,466 - INFO -   seg  83 | w=0.1425 | u_mean=+4.021 u_std=0.047 v_std=0.320 r_std=0.0165
2026-05-16 06:42:41,466 - INFO -   seg  84 | w=0.2671 | u_mean=+3.887 u_std=0.071 v_std=0.337 r_std=0.0220
2026-05-16 06:42:41,466 - INFO -   seg  85 | w=0.4673 | u_mean=+3.723 u_std=0.098 v_std=0.333 r_std=0.0273
2026-05-16 06:42:41,466 - INFO -   seg  86 | w=0.7478 | u_mean=+3.532 u_std=0.127 v_std=0.315 r_std=0.0324
2026-05-16 06:42:41,466 - INFO -   seg  87 | w=1.1240 | u_mean=+3.313 u_std=0.158 v_std=0.287 r_std=0.0373
2026-05-16 06:42:41,466 - INFO -   seg  88 | w=1.1020 | u_mean=+3.187 u_std=0.158 v_std=0.267 r_std=0.0196
2026-05-16 06:42:41,466 - INFO -   seg  89 | w=0.8192 | u_mean=+3.272 u_std=0.135 v_std=0.265 r_std=0.0163
2026-05-16 06:42:41,466 - INFO -   seg  90 | w=0.0422 | u_mean=-0.000 u_std=0.000 v_std=0.008 r_std=0.0005
2026-05-16 06:42:41,466 - INFO -   seg  91 | w=0.0422 | u_mean=-0.000 u_std=0.000 v_std=0.004 r_std=0.0002
2026-05-16 06:42:41,466 - INFO -   seg  92 | w=0.0422 | u_mean=-0.000 u_std=0.000 v_std=0.004 r_std=0.0002
2026-05-16 06:42:41,466 - INFO -   seg  93 | w=0.0422 | u_mean=-0.000 u_std=0.000 v_std=0.004 r_std=0.0002
2026-05-16 06:42:41,466 - INFO -   seg  94 | w=0.0422 | u_mean=-0.000 u_std=0.000 v_std=0.004 r_std=0.0002
2026-05-16 06:42:41,466 - INFO -   seg  95 | w=0.0422 | u_mean=-0.000 u_std=0.000 v_std=0.004 r_std=0.0002
2026-05-16 06:42:41,466 - INFO -   seg  96 | w=0.0422 | u_mean=-0.001 u_std=0.000 v_std=0.004 r_std=0.0002
2026-05-16 06:42:41,466 - INFO -   seg  97 | w=0.0422 | u_mean=-0.001 u_std=0.000 v_std=0.004 r_std=0.0002
2026-05-16 06:42:41,466 - INFO -   seg  98 | w=0.0422 | u_mean=-0.001 u_std=0.000 v_std=0.004 r_std=0.0002
2026-05-16 06:42:41,466 - WARNING - [seg_resample] max w_seg (40.075) > 10× mean (1.254); consider lowering --seg_resample_alpha to avoid one-segment overfit.
2026-05-16 06:42:47,442 - INFO - [composite_v3a] cached v1 baseline val vel_err@K=8, n=8192, mean=0.01203
2026-05-16 06:42:47,445 - INFO - Epoch [007/60] pl=8 LR=7.27e-04 Ltot=0.0030 (vel=0.0021, acc=0.0008, lin=1.0448, stab=0.0000, bias=0.0004) | val_vel_mean=0.31882 @K=0.48917 u@K=0.47838 v@K=0.10220 slope=0.776 inst=1.030 deg%=99.23 cV3a=2.08036 spec=0.998 | 5.9s
2026-05-16 06:42:47,451 - INFO -   ↳ new best [composite_v3a]=2.08036 (vel_rmse_mean=0.318825, inst=1.03001, slope=0.7758, deg%=99.23, epoch 7)
2026-05-16 06:42:53,761 - INFO - Epoch [008/60] pl=8 LR=6.55e-04 Ltot=0.0028 (vel=0.0021, acc=0.0007, lin=1.2065, stab=0.0000, bias=0.0003) | val_vel_mean=0.25481 @K=0.38548 u@K=0.37765 v@K=0.07725 slope=0.750 inst=1.004 deg%=99.17 cV3a=1.55345 spec=0.998 | 6.3s
2026-05-16 06:42:53,767 - INFO -   ↳ new best [composite_v3a]=1.55345 (vel_rmse_mean=0.254811, inst=1.00437, slope=0.75, deg%=99.17, epoch 8)
2026-05-16 06:43:00,085 - INFO - Epoch [009/60] pl=8 LR=5.78e-04 Ltot=0.0026 (vel=0.0020, acc=0.0006, lin=1.3205, stab=0.0000, bias=0.0002) | val_vel_mean=0.20506 @K=0.30814 u@K=0.30257 v@K=0.05839 slope=0.731 inst=0.987 deg%=99.07 cV3a=1.20506 spec=0.998 | 6.3s
2026-05-16 06:43:00,090 - INFO -   ↳ new best [composite_v3a]=1.20506 (vel_rmse_mean=0.205065, inst=0.987026, slope=0.7314, deg%=99.07, epoch 9)
2026-05-16 06:43:00,090 - INFO - [Curriculum] pred_len -> 10; rebuilding dataloaders...
2026-05-16 06:43:00,130 - INFO - Dataset[TRAIN] koopman_train_merged.npz | segments=99 | samples=196911 | pred_len=10 | stride=1
2026-05-16 06:43:00,135 - INFO - Dataset[VAL] koopman_val.npz | segments=3 | samples=35967 | pred_len=10 | stride=1
2026-05-16 06:43:00,147 - INFO - [seg_resample] mode=u_var_r_var alpha=1.0 | n_segments=99 | w min=0.0422 max=40.0849 mean=1.2541 std=4.6505
2026-05-16 06:43:00,147 - INFO -   seg   0 | w=3.5048 | u_mean=+0.544 u_std=0.286 v_std=0.000 r_std=0.0000
2026-05-16 06:43:00,147 - INFO -   seg   1 | w=2.3906 | u_mean=+1.521 u_std=0.236 v_std=0.000 r_std=0.0000
2026-05-16 06:43:00,147 - INFO -   seg   2 | w=0.7812 | u_mean=+2.149 u_std=0.132 v_std=0.000 r_std=0.0000
2026-05-16 06:43:00,147 - INFO -   seg   3 | w=0.4469 | u_mean=+2.560 u_std=0.098 v_std=0.000 r_std=0.0000
2026-05-16 06:43:00,147 - INFO -   seg   4 | w=0.3282 | u_mean=+2.897 u_std=0.082 v_std=0.000 r_std=0.0000
2026-05-16 06:43:00,147 - INFO -   seg   5 | w=0.2639 | u_mean=+3.194 u_std=0.072 v_std=0.000 r_std=0.0000
2026-05-16 06:43:00,147 - INFO -   seg   6 | w=0.2219 | u_mean=+3.463 u_std=0.065 v_std=0.000 r_std=0.0000
2026-05-16 06:43:00,147 - INFO -   seg   7 | w=0.1923 | u_mean=+3.712 u_std=0.060 v_std=0.000 r_std=0.0000
2026-05-16 06:43:00,147 - INFO -   seg   8 | w=0.1703 | u_mean=+3.944 u_std=0.055 v_std=0.000 r_std=0.0000
2026-05-16 06:43:00,147 - INFO -   seg   9 | w=0.1534 | u_mean=+4.163 u_std=0.051 v_std=0.000 r_std=0.0000
2026-05-16 06:43:00,147 - INFO -   seg  10 | w=40.0849 | u_mean=+1.523 u_std=0.974 v_std=0.000 r_std=0.0000 HI
2026-05-16 06:43:00,147 - INFO -   seg  11 | w=14.3849 | u_mean=-0.831 u_std=0.583 v_std=0.000 r_std=0.0000
2026-05-16 06:43:00,147 - INFO -   seg  12 | w=1.4495 | u_mean=-2.105 u_std=0.183 v_std=0.000 r_std=0.0000
2026-05-16 06:43:00,147 - INFO -   seg  13 | w=0.4380 | u_mean=-2.570 u_std=0.097 v_std=0.000 r_std=0.0000
2026-05-16 06:43:00,147 - INFO -   seg  14 | w=0.3170 | u_mean=-2.905 u_std=0.081 v_std=0.000 r_std=0.0000
2026-05-16 06:43:00,147 - INFO -   seg  15 | w=0.2551 | u_mean=-3.200 u_std=0.071 v_std=0.000 r_std=0.0000
2026-05-16 06:43:00,147 - INFO -   seg  16 | w=17.2740 | u_mean=-1.167 u_std=0.639 v_std=0.035 r_std=0.0005
2026-05-16 06:43:00,147 - INFO -   seg  17 | w=0.2833 | u_mean=-0.379 u_std=0.076 v_std=0.005 r_std=0.0002
2026-05-16 06:43:00,147 - INFO -   seg  18 | w=0.0917 | u_mean=-0.206 u_std=0.034 v_std=0.004 r_std=0.0002
2026-05-16 06:43:00,147 - INFO -   seg  19 | w=0.0639 | u_mean=-0.111 u_std=0.023 v_std=0.004 r_std=0.0002
2026-05-16 06:43:00,147 - INFO -   seg  20 | w=0.0536 | u_mean=-0.045 u_std=0.016 v_std=0.004 r_std=0.0002
2026-05-16 06:43:00,147 - INFO -   seg  21 | w=0.0458 | u_mean=-0.000 u_std=0.009 v_std=0.005 r_std=0.0002
2026-05-16 06:43:00,147 - INFO -   seg  22 | w=0.0423 | u_mean=+0.014 u_std=0.001 v_std=0.003 r_std=0.0002
2026-05-16 06:43:00,147 - INFO -   seg  23 | w=0.0432 | u_mean=+0.002 u_std=0.005 v_std=0.005 r_std=0.0002
2026-05-16 06:43:00,147 - INFO -   seg  24 | w=0.0423 | u_mean=-0.005 u_std=0.001 v_std=0.006 r_std=0.0002
2026-05-16 06:43:00,147 - INFO -   seg  25 | w=11.5285 | u_mean=+1.430 u_std=0.522 v_std=0.047 r_std=0.0030
2026-05-16 06:43:00,147 - INFO -   seg  26 | w=0.0436 | u_mean=+1.867 u_std=0.005 v_std=0.104 r_std=0.0028
2026-05-16 06:43:00,147 - INFO -   seg  27 | w=0.0484 | u_mean=+1.842 u_std=0.012 v_std=0.133 r_std=0.0042
2026-05-16 06:43:00,147 - INFO -   seg  28 | w=0.0547 | u_mean=+1.804 u_std=0.017 v_std=0.153 r_std=0.0056
2026-05-16 06:43:00,147 - INFO -   seg  29 | w=0.0636 | u_mean=+1.755 u_std=0.022 v_std=0.167 r_std=0.0069
2026-05-16 06:43:00,147 - INFO -   seg  30 | w=0.0750 | u_mean=+1.697 u_std=0.027 v_std=0.176 r_std=0.0082
2026-05-16 06:43:00,147 - INFO -   seg  31 | w=0.0887 | u_mean=+1.629 u_std=0.033 v_std=0.181 r_std=0.0094
2026-05-16 06:43:00,147 - INFO -   seg  32 | w=1.4443 | u_mean=+2.182 u_std=0.182 v_std=0.124 r_std=0.0029
2026-05-16 06:43:00,147 - INFO -   seg  33 | w=0.0473 | u_mean=+2.281 u_std=0.011 v_std=0.124 r_std=0.0039
2026-05-16 06:43:00,147 - INFO -   seg  34 | w=0.0562 | u_mean=+2.241 u_std=0.018 v_std=0.173 r_std=0.0063
2026-05-16 06:43:00,147 - INFO -   seg  35 | w=0.0666 | u_mean=+2.183 u_std=0.023 v_std=0.204 r_std=0.0084
2026-05-16 06:43:00,147 - INFO -   seg  36 | w=0.0846 | u_mean=+2.114 u_std=0.031 v_std=0.216 r_std=0.0104
2026-05-16 06:43:00,147 - INFO -   seg  37 | w=0.1096 | u_mean=+2.031 u_std=0.039 v_std=0.221 r_std=0.0123
2026-05-16 06:43:00,147 - INFO -   seg  38 | w=0.1422 | u_mean=+1.936 u_std=0.048 v_std=0.220 r_std=0.0142
2026-05-16 06:43:00,147 - INFO -   seg  39 | w=1.3030 | u_mean=+2.548 u_std=0.173 v_std=0.156 r_std=0.0042
2026-05-16 06:43:00,147 - INFO -   seg  40 | w=0.0486 | u_mean=+2.623 u_std=0.012 v_std=0.178 r_std=0.0054
2026-05-16 06:43:00,147 - INFO -   seg  41 | w=0.0603 | u_mean=+2.572 u_std=0.020 v_std=0.214 r_std=0.0080
2026-05-16 06:43:00,147 - INFO -   seg  42 | w=0.0808 | u_mean=+2.497 u_std=0.029 v_std=0.237 r_std=0.0108
2026-05-16 06:43:00,147 - INFO -   seg  43 | w=0.1108 | u_mean=+2.418 u_std=0.039 v_std=0.244 r_std=0.0132
2026-05-16 06:43:00,147 - INFO -   seg  44 | w=0.1539 | u_mean=+2.302 u_std=0.050 v_std=0.246 r_std=0.0162
2026-05-16 06:43:00,147 - INFO -   seg  45 | w=0.1985 | u_mean=+2.193 u_std=0.059 v_std=0.240 r_std=0.0183
2026-05-16 06:43:00,147 - INFO -   seg  46 | w=1.8720 | u_mean=+2.842 u_std=0.208 v_std=0.182 r_std=0.0055
2026-05-16 06:43:00,147 - INFO -   seg  47 | w=0.0507 | u_mean=+2.927 u_std=0.013 v_std=0.195 r_std=0.0062
2026-05-16 06:43:00,147 - INFO -   seg  48 | w=0.0891 | u_mean=+2.876 u_std=0.033 v_std=0.220 r_std=0.0091
2026-05-16 06:43:00,147 - INFO -   seg  49 | w=0.1248 | u_mean=+2.794 u_std=0.043 v_std=0.248 r_std=0.0120
2026-05-16 06:43:00,147 - INFO -   seg  50 | w=0.2178 | u_mean=+2.702 u_std=0.064 v_std=0.252 r_std=0.0150
2026-05-16 06:43:00,147 - INFO -   seg  51 | w=0.2974 | u_mean=+2.584 u_std=0.077 v_std=0.255 r_std=0.0179
2026-05-16 06:43:00,147 - INFO -   seg  52 | w=0.4363 | u_mean=+2.453 u_std=0.095 v_std=0.247 r_std=0.0207
2026-05-16 06:43:00,148 - INFO -   seg  53 | w=1.4267 | u_mean=+3.150 u_std=0.181 v_std=0.151 r_std=0.0035
2026-05-16 06:43:00,148 - INFO -   seg  54 | w=0.0589 | u_mean=+3.208 u_std=0.019 v_std=0.194 r_std=0.0070
2026-05-16 06:43:00,148 - INFO -   seg  55 | w=0.1030 | u_mean=+3.147 u_std=0.037 v_std=0.232 r_std=0.0104
2026-05-16 06:43:00,148 - INFO -   seg  56 | w=0.1874 | u_mean=+3.063 u_std=0.058 v_std=0.252 r_std=0.0138
2026-05-16 06:43:00,148 - INFO -   seg  57 | w=0.3208 | u_mean=+2.959 u_std=0.080 v_std=0.260 r_std=0.0171
2026-05-16 06:43:00,148 - INFO -   seg  58 | w=0.5130 | u_mean=+2.833 u_std=0.105 v_std=0.258 r_std=0.0203
2026-05-16 06:43:00,148 - INFO -   seg  59 | w=0.7616 | u_mean=+2.688 u_std=0.129 v_std=0.247 r_std=0.0234
2026-05-16 06:43:00,148 - INFO -   seg  60 | w=1.1254 | u_mean=+3.421 u_std=0.160 v_std=0.163 r_std=0.0054
2026-05-16 06:43:00,148 - INFO -   seg  61 | w=0.0577 | u_mean=+3.454 u_std=0.018 v_std=0.237 r_std=0.0085
2026-05-16 06:43:00,148 - INFO -   seg  62 | w=0.1036 | u_mean=+3.391 u_std=0.037 v_std=0.256 r_std=0.0121
2026-05-16 06:43:00,148 - INFO -   seg  63 | w=0.1843 | u_mean=+3.297 u_std=0.057 v_std=0.279 r_std=0.0158
2026-05-16 06:43:00,148 - INFO -   seg  64 | w=0.3382 | u_mean=+3.182 u_std=0.083 v_std=0.283 r_std=0.0196
2026-05-16 06:43:00,148 - INFO -   seg  65 | w=0.5428 | u_mean=+3.043 u_std=0.108 v_std=0.280 r_std=0.0232
2026-05-16 06:43:00,148 - INFO -   seg  66 | w=0.8350 | u_mean=+2.883 u_std=0.136 v_std=0.267 r_std=0.0266
2026-05-16 06:43:00,148 - INFO -   seg  67 | w=1.5275 | u_mean=+3.644 u_std=0.187 v_std=0.220 r_std=0.0074
2026-05-16 06:43:00,148 - INFO -   seg  68 | w=0.0644 | u_mean=+3.690 u_std=0.022 v_std=0.254 r_std=0.0092
2026-05-16 06:43:00,148 - INFO -   seg  69 | w=0.1383 | u_mean=+3.613 u_std=0.047 v_std=0.280 r_std=0.0136
2026-05-16 06:43:00,148 - INFO -   seg  70 | w=0.2598 | u_mean=+3.505 u_std=0.071 v_std=0.297 r_std=0.0181
2026-05-16 06:43:00,148 - INFO -   seg  71 | w=0.4322 | u_mean=+3.372 u_std=0.095 v_std=0.299 r_std=0.0226
2026-05-16 06:43:00,148 - INFO -   seg  72 | w=0.5976 | u_mean=+3.217 u_std=0.113 v_std=0.291 r_std=0.0268
2026-05-16 06:43:00,148 - INFO -   seg  73 | w=0.7259 | u_mean=+3.033 u_std=0.125 v_std=0.278 r_std=0.0302
2026-05-16 06:43:00,148 - INFO -   seg  74 | w=2.3099 | u_mean=+3.845 u_std=0.232 v_std=0.247 r_std=0.0090
2026-05-16 06:43:00,148 - INFO -   seg  75 | w=0.0696 | u_mean=+3.912 u_std=0.024 v_std=0.262 r_std=0.0100
2026-05-16 06:43:00,148 - INFO -   seg  76 | w=0.1425 | u_mean=+3.823 u_std=0.048 v_std=0.300 r_std=0.0150
2026-05-16 06:43:00,148 - INFO -   seg  77 | w=0.2710 | u_mean=+3.702 u_std=0.072 v_std=0.318 r_std=0.0199
2026-05-16 06:43:00,148 - INFO -   seg  78 | w=0.4695 | u_mean=+3.554 u_std=0.099 v_std=0.318 r_std=0.0247
2026-05-16 06:43:00,148 - INFO -   seg  79 | w=0.7572 | u_mean=+3.378 u_std=0.128 v_std=0.306 r_std=0.0294
2026-05-16 06:43:00,148 - INFO -   seg  80 | w=1.1473 | u_mean=+3.179 u_std=0.160 v_std=0.282 r_std=0.0339
2026-05-16 06:43:00,148 - INFO -   seg  81 | w=1.3359 | u_mean=+4.098 u_std=0.175 v_std=0.203 r_std=0.0068
2026-05-16 06:43:00,148 - INFO -   seg  82 | w=0.0777 | u_mean=+4.123 u_std=0.028 v_std=0.264 r_std=0.0109
2026-05-16 06:43:00,148 - INFO -   seg  83 | w=0.1426 | u_mean=+4.021 u_std=0.047 v_std=0.320 r_std=0.0165
2026-05-16 06:43:00,148 - INFO -   seg  84 | w=0.2672 | u_mean=+3.887 u_std=0.071 v_std=0.337 r_std=0.0220
2026-05-16 06:43:00,148 - INFO -   seg  85 | w=0.4675 | u_mean=+3.723 u_std=0.098 v_std=0.333 r_std=0.0273
2026-05-16 06:43:00,148 - INFO -   seg  86 | w=0.7480 | u_mean=+3.532 u_std=0.127 v_std=0.315 r_std=0.0324
2026-05-16 06:43:00,148 - INFO -   seg  87 | w=1.1243 | u_mean=+3.313 u_std=0.158 v_std=0.287 r_std=0.0373
2026-05-16 06:43:00,148 - INFO -   seg  88 | w=1.1022 | u_mean=+3.187 u_std=0.158 v_std=0.267 r_std=0.0196
2026-05-16 06:43:00,148 - INFO -   seg  89 | w=0.8194 | u_mean=+3.272 u_std=0.135 v_std=0.265 r_std=0.0163
2026-05-16 06:43:00,148 - INFO -   seg  90 | w=0.0422 | u_mean=-0.000 u_std=0.000 v_std=0.008 r_std=0.0005
2026-05-16 06:43:00,148 - INFO -   seg  91 | w=0.0422 | u_mean=-0.000 u_std=0.000 v_std=0.004 r_std=0.0002
2026-05-16 06:43:00,148 - INFO -   seg  92 | w=0.0422 | u_mean=-0.000 u_std=0.000 v_std=0.004 r_std=0.0002
2026-05-16 06:43:00,148 - INFO -   seg  93 | w=0.0422 | u_mean=-0.000 u_std=0.000 v_std=0.004 r_std=0.0002
2026-05-16 06:43:00,148 - INFO -   seg  94 | w=0.0422 | u_mean=-0.000 u_std=0.000 v_std=0.004 r_std=0.0002
2026-05-16 06:43:00,148 - INFO -   seg  95 | w=0.0422 | u_mean=-0.000 u_std=0.000 v_std=0.004 r_std=0.0002
2026-05-16 06:43:00,148 - INFO -   seg  96 | w=0.0422 | u_mean=-0.001 u_std=0.000 v_std=0.004 r_std=0.0002
2026-05-16 06:43:00,148 - INFO -   seg  97 | w=0.0422 | u_mean=-0.001 u_std=0.000 v_std=0.004 r_std=0.0002
2026-05-16 06:43:00,148 - INFO -   seg  98 | w=0.0422 | u_mean=-0.001 u_std=0.000 v_std=0.004 r_std=0.0002
2026-05-16 06:43:00,148 - WARNING - [seg_resample] max w_seg (40.085) > 10× mean (1.254); consider lowering --seg_resample_alpha to avoid one-segment overfit.
2026-05-16 06:43:06,915 - INFO - [composite_v3a] cached v1 baseline val vel_err@K=10, n=8192, mean=0.01492
2026-05-16 06:43:06,917 - INFO - Epoch [010/60] pl=10 LR=5.00e-04 Ltot=0.0027 (vel=0.0021, acc=0.0006, lin=1.6228, stab=0.0000, bias=0.0003) | val_vel_mean=0.18780 @K=0.28450 u@K=0.28027 v@K=0.04884 slope=0.699 inst=1.012 deg%=98.94 cV3a=1.05302 spec=0.998 | 6.7s
2026-05-16 06:43:06,923 - INFO -   ↳ new best [composite_v3a]=1.05302 (vel_rmse_mean=0.187799, inst=1.01212, slope=0.6989, deg%=98.94, epoch 10)
2026-05-16 06:43:13,651 - INFO - Epoch [011/60] pl=10 LR=4.22e-04 Ltot=0.0025 (vel=0.0020, acc=0.0005, lin=1.6385, stab=0.0000, bias=0.0002) | val_vel_mean=0.15238 @K=0.23187 u@K=0.22895 v@K=0.03666 slope=0.692 inst=1.005 deg%=98.84 cV3a=0.83628 spec=0.998 | 6.7s
2026-05-16 06:43:13,656 - INFO -   ↳ new best [composite_v3a]=0.836284 (vel_rmse_mean=0.152378, inst=1.00501, slope=0.6915, deg%=98.84, epoch 11)
2026-05-16 06:43:20,451 - INFO - Epoch [012/60] pl=10 LR=3.45e-04 Ltot=0.0024 (vel=0.0020, acc=0.0004, lin=1.6370, stab=0.0000, bias=0.0001) | val_vel_mean=0.12410 @K=0.18993 u@K=0.18790 v@K=0.02766 slope=0.687 inst=1.001 deg%=98.63 cV3a=0.67181 spec=0.998 | 6.8s
2026-05-16 06:43:20,456 - INFO -   ↳ new best [composite_v3a]=0.671813 (vel_rmse_mean=0.124103, inst=1.00118, slope=0.6873, deg%=98.63, epoch 12)
2026-05-16 06:43:20,456 - INFO - [Curriculum] pred_len -> 12; rebuilding dataloaders...
2026-05-16 06:43:20,494 - INFO - Dataset[TRAIN] koopman_train_merged.npz | segments=99 | samples=196713 | pred_len=12 | stride=1
2026-05-16 06:43:20,498 - INFO - Dataset[VAL] koopman_val.npz | segments=3 | samples=35961 | pred_len=12 | stride=1
2026-05-16 06:43:20,512 - INFO - [seg_resample] mode=u_var_r_var alpha=1.0 | n_segments=99 | w min=0.0422 max=40.0952 mean=1.2544 std=4.6517
2026-05-16 06:43:20,512 - INFO -   seg   0 | w=3.5057 | u_mean=+0.544 u_std=0.286 v_std=0.000 r_std=0.0000
2026-05-16 06:43:20,512 - INFO -   seg   1 | w=2.3912 | u_mean=+1.521 u_std=0.236 v_std=0.000 r_std=0.0000
2026-05-16 06:43:20,512 - INFO -   seg   2 | w=0.7814 | u_mean=+2.149 u_std=0.132 v_std=0.000 r_std=0.0000
2026-05-16 06:43:20,512 - INFO -   seg   3 | w=0.4470 | u_mean=+2.560 u_std=0.098 v_std=0.000 r_std=0.0000
2026-05-16 06:43:20,512 - INFO -   seg   4 | w=0.3283 | u_mean=+2.897 u_std=0.082 v_std=0.000 r_std=0.0000
2026-05-16 06:43:20,512 - INFO -   seg   5 | w=0.2640 | u_mean=+3.194 u_std=0.072 v_std=0.000 r_std=0.0000
2026-05-16 06:43:20,512 - INFO -   seg   6 | w=0.2220 | u_mean=+3.463 u_std=0.065 v_std=0.000 r_std=0.0000
2026-05-16 06:43:20,512 - INFO -   seg   7 | w=0.1923 | u_mean=+3.712 u_std=0.060 v_std=0.000 r_std=0.0000
2026-05-16 06:43:20,512 - INFO -   seg   8 | w=0.1703 | u_mean=+3.944 u_std=0.055 v_std=0.000 r_std=0.0000
2026-05-16 06:43:20,512 - INFO -   seg   9 | w=0.1534 | u_mean=+4.163 u_std=0.051 v_std=0.000 r_std=0.0000
2026-05-16 06:43:20,512 - INFO -   seg  10 | w=40.0952 | u_mean=+1.523 u_std=0.974 v_std=0.000 r_std=0.0000 HI
2026-05-16 06:43:20,512 - INFO -   seg  11 | w=14.3886 | u_mean=-0.831 u_std=0.583 v_std=0.000 r_std=0.0000
2026-05-16 06:43:20,512 - INFO -   seg  12 | w=1.4499 | u_mean=-2.105 u_std=0.183 v_std=0.000 r_std=0.0000
2026-05-16 06:43:20,512 - INFO -   seg  13 | w=0.4381 | u_mean=-2.570 u_std=0.097 v_std=0.000 r_std=0.0000
2026-05-16 06:43:20,512 - INFO -   seg  14 | w=0.3170 | u_mean=-2.905 u_std=0.081 v_std=0.000 r_std=0.0000
2026-05-16 06:43:20,512 - INFO -   seg  15 | w=0.2552 | u_mean=-3.200 u_std=0.071 v_std=0.000 r_std=0.0000
2026-05-16 06:43:20,512 - INFO -   seg  16 | w=17.2785 | u_mean=-1.167 u_std=0.639 v_std=0.035 r_std=0.0005
2026-05-16 06:43:20,512 - INFO -   seg  17 | w=0.2833 | u_mean=-0.379 u_std=0.076 v_std=0.005 r_std=0.0002
2026-05-16 06:43:20,512 - INFO -   seg  18 | w=0.0918 | u_mean=-0.206 u_std=0.034 v_std=0.004 r_std=0.0002
2026-05-16 06:43:20,512 - INFO -   seg  19 | w=0.0639 | u_mean=-0.111 u_std=0.023 v_std=0.004 r_std=0.0002
2026-05-16 06:43:20,512 - INFO -   seg  20 | w=0.0536 | u_mean=-0.045 u_std=0.016 v_std=0.004 r_std=0.0002
2026-05-16 06:43:20,512 - INFO -   seg  21 | w=0.0459 | u_mean=-0.000 u_std=0.009 v_std=0.005 r_std=0.0002
2026-05-16 06:43:20,512 - INFO -   seg  22 | w=0.0423 | u_mean=+0.014 u_std=0.001 v_std=0.003 r_std=0.0002
2026-05-16 06:43:20,512 - INFO -   seg  23 | w=0.0432 | u_mean=+0.002 u_std=0.005 v_std=0.005 r_std=0.0002
2026-05-16 06:43:20,512 - INFO -   seg  24 | w=0.0423 | u_mean=-0.005 u_std=0.001 v_std=0.006 r_std=0.0002
2026-05-16 06:43:20,512 - INFO -   seg  25 | w=11.5314 | u_mean=+1.430 u_std=0.522 v_std=0.047 r_std=0.0030
2026-05-16 06:43:20,512 - INFO -   seg  26 | w=0.0436 | u_mean=+1.867 u_std=0.005 v_std=0.104 r_std=0.0028
2026-05-16 06:43:20,512 - INFO -   seg  27 | w=0.0484 | u_mean=+1.842 u_std=0.012 v_std=0.133 r_std=0.0042
2026-05-16 06:43:20,512 - INFO -   seg  28 | w=0.0548 | u_mean=+1.804 u_std=0.017 v_std=0.153 r_std=0.0056
2026-05-16 06:43:20,512 - INFO -   seg  29 | w=0.0636 | u_mean=+1.755 u_std=0.022 v_std=0.167 r_std=0.0069
2026-05-16 06:43:20,512 - INFO -   seg  30 | w=0.0751 | u_mean=+1.697 u_std=0.027 v_std=0.176 r_std=0.0082
2026-05-16 06:43:20,512 - INFO -   seg  31 | w=0.0888 | u_mean=+1.629 u_std=0.033 v_std=0.181 r_std=0.0094
2026-05-16 06:43:20,512 - INFO -   seg  32 | w=1.4446 | u_mean=+2.182 u_std=0.182 v_std=0.124 r_std=0.0029
2026-05-16 06:43:20,512 - INFO -   seg  33 | w=0.0473 | u_mean=+2.281 u_std=0.011 v_std=0.124 r_std=0.0039
2026-05-16 06:43:20,512 - INFO -   seg  34 | w=0.0562 | u_mean=+2.241 u_std=0.018 v_std=0.173 r_std=0.0063
2026-05-16 06:43:20,512 - INFO -   seg  35 | w=0.0666 | u_mean=+2.183 u_std=0.023 v_std=0.204 r_std=0.0084
2026-05-16 06:43:20,512 - INFO -   seg  36 | w=0.0846 | u_mean=+2.114 u_std=0.031 v_std=0.216 r_std=0.0104
2026-05-16 06:43:20,512 - INFO -   seg  37 | w=0.1096 | u_mean=+2.031 u_std=0.039 v_std=0.221 r_std=0.0123
2026-05-16 06:43:20,512 - INFO -   seg  38 | w=0.1422 | u_mean=+1.936 u_std=0.048 v_std=0.220 r_std=0.0142
2026-05-16 06:43:20,512 - INFO -   seg  39 | w=1.3034 | u_mean=+2.548 u_std=0.173 v_std=0.156 r_std=0.0042
2026-05-16 06:43:20,512 - INFO -   seg  40 | w=0.0486 | u_mean=+2.623 u_std=0.012 v_std=0.178 r_std=0.0054
2026-05-16 06:43:20,512 - INFO -   seg  41 | w=0.0603 | u_mean=+2.572 u_std=0.020 v_std=0.214 r_std=0.0080
2026-05-16 06:43:20,513 - INFO -   seg  42 | w=0.0808 | u_mean=+2.497 u_std=0.029 v_std=0.237 r_std=0.0108
2026-05-16 06:43:20,513 - INFO -   seg  43 | w=0.1108 | u_mean=+2.418 u_std=0.039 v_std=0.244 r_std=0.0132
2026-05-16 06:43:20,513 - INFO -   seg  44 | w=0.1540 | u_mean=+2.302 u_std=0.050 v_std=0.246 r_std=0.0162
2026-05-16 06:43:20,513 - INFO -   seg  45 | w=0.1985 | u_mean=+2.193 u_std=0.059 v_std=0.240 r_std=0.0183
2026-05-16 06:43:20,513 - INFO -   seg  46 | w=1.8725 | u_mean=+2.842 u_std=0.208 v_std=0.182 r_std=0.0055
2026-05-16 06:43:20,513 - INFO -   seg  47 | w=0.0507 | u_mean=+2.927 u_std=0.013 v_std=0.195 r_std=0.0062
2026-05-16 06:43:20,513 - INFO -   seg  48 | w=0.0892 | u_mean=+2.876 u_std=0.033 v_std=0.220 r_std=0.0091
2026-05-16 06:43:20,513 - INFO -   seg  49 | w=0.1249 | u_mean=+2.794 u_std=0.043 v_std=0.248 r_std=0.0120
2026-05-16 06:43:20,513 - INFO -   seg  50 | w=0.2178 | u_mean=+2.702 u_std=0.064 v_std=0.252 r_std=0.0150
2026-05-16 06:43:20,513 - INFO -   seg  51 | w=0.2975 | u_mean=+2.584 u_std=0.077 v_std=0.255 r_std=0.0179
2026-05-16 06:43:20,513 - INFO -   seg  52 | w=0.4364 | u_mean=+2.453 u_std=0.095 v_std=0.247 r_std=0.0207
2026-05-16 06:43:20,513 - INFO -   seg  53 | w=1.4271 | u_mean=+3.150 u_std=0.181 v_std=0.151 r_std=0.0035
2026-05-16 06:43:20,513 - INFO -   seg  54 | w=0.0589 | u_mean=+3.208 u_std=0.019 v_std=0.194 r_std=0.0070
2026-05-16 06:43:20,513 - INFO -   seg  55 | w=0.1030 | u_mean=+3.147 u_std=0.037 v_std=0.232 r_std=0.0104
2026-05-16 06:43:20,513 - INFO -   seg  56 | w=0.1875 | u_mean=+3.063 u_std=0.058 v_std=0.252 r_std=0.0138
2026-05-16 06:43:20,513 - INFO -   seg  57 | w=0.3209 | u_mean=+2.959 u_std=0.080 v_std=0.260 r_std=0.0171
2026-05-16 06:43:20,513 - INFO -   seg  58 | w=0.5131 | u_mean=+2.833 u_std=0.105 v_std=0.258 r_std=0.0203
2026-05-16 06:43:20,513 - INFO -   seg  59 | w=0.7618 | u_mean=+2.688 u_std=0.129 v_std=0.247 r_std=0.0234
2026-05-16 06:43:20,513 - INFO -   seg  60 | w=1.1257 | u_mean=+3.421 u_std=0.160 v_std=0.163 r_std=0.0054
2026-05-16 06:43:20,513 - INFO -   seg  61 | w=0.0577 | u_mean=+3.454 u_std=0.018 v_std=0.237 r_std=0.0085
2026-05-16 06:43:20,513 - INFO -   seg  62 | w=0.1036 | u_mean=+3.391 u_std=0.037 v_std=0.256 r_std=0.0121
2026-05-16 06:43:20,513 - INFO -   seg  63 | w=0.1844 | u_mean=+3.297 u_std=0.057 v_std=0.279 r_std=0.0158
2026-05-16 06:43:20,513 - INFO -   seg  64 | w=0.3382 | u_mean=+3.182 u_std=0.083 v_std=0.283 r_std=0.0196
2026-05-16 06:43:20,513 - INFO -   seg  65 | w=0.5430 | u_mean=+3.043 u_std=0.108 v_std=0.280 r_std=0.0232
2026-05-16 06:43:20,513 - INFO -   seg  66 | w=0.8352 | u_mean=+2.883 u_std=0.136 v_std=0.267 r_std=0.0266
2026-05-16 06:43:20,513 - INFO -   seg  67 | w=1.5279 | u_mean=+3.644 u_std=0.187 v_std=0.220 r_std=0.0074
2026-05-16 06:43:20,513 - INFO -   seg  68 | w=0.0644 | u_mean=+3.690 u_std=0.022 v_std=0.254 r_std=0.0092
2026-05-16 06:43:20,513 - INFO -   seg  69 | w=0.1383 | u_mean=+3.613 u_std=0.047 v_std=0.280 r_std=0.0136
2026-05-16 06:43:20,513 - INFO -   seg  70 | w=0.2599 | u_mean=+3.505 u_std=0.071 v_std=0.297 r_std=0.0181
2026-05-16 06:43:20,513 - INFO -   seg  71 | w=0.4323 | u_mean=+3.372 u_std=0.095 v_std=0.299 r_std=0.0226
2026-05-16 06:43:20,513 - INFO -   seg  72 | w=0.5977 | u_mean=+3.217 u_std=0.113 v_std=0.291 r_std=0.0268
2026-05-16 06:43:20,513 - INFO -   seg  73 | w=0.7261 | u_mean=+3.033 u_std=0.125 v_std=0.278 r_std=0.0302
2026-05-16 06:43:20,513 - INFO -   seg  74 | w=2.3105 | u_mean=+3.845 u_std=0.232 v_std=0.247 r_std=0.0090
2026-05-16 06:43:20,513 - INFO -   seg  75 | w=0.0697 | u_mean=+3.912 u_std=0.024 v_std=0.262 r_std=0.0100
2026-05-16 06:43:20,513 - INFO -   seg  76 | w=0.1425 | u_mean=+3.823 u_std=0.048 v_std=0.300 r_std=0.0150
2026-05-16 06:43:20,513 - INFO -   seg  77 | w=0.2711 | u_mean=+3.702 u_std=0.072 v_std=0.318 r_std=0.0199
2026-05-16 06:43:20,513 - INFO -   seg  78 | w=0.4696 | u_mean=+3.554 u_std=0.099 v_std=0.318 r_std=0.0247
2026-05-16 06:43:20,513 - INFO -   seg  79 | w=0.7574 | u_mean=+3.378 u_std=0.128 v_std=0.306 r_std=0.0294
2026-05-16 06:43:20,513 - INFO -   seg  80 | w=1.1476 | u_mean=+3.179 u_std=0.160 v_std=0.282 r_std=0.0339
2026-05-16 06:43:20,513 - INFO -   seg  81 | w=1.3363 | u_mean=+4.098 u_std=0.175 v_std=0.203 r_std=0.0068
2026-05-16 06:43:20,513 - INFO -   seg  82 | w=0.0777 | u_mean=+4.123 u_std=0.028 v_std=0.264 r_std=0.0109
2026-05-16 06:43:20,513 - INFO -   seg  83 | w=0.1426 | u_mean=+4.021 u_std=0.047 v_std=0.320 r_std=0.0165
2026-05-16 06:43:20,513 - INFO -   seg  84 | w=0.2673 | u_mean=+3.887 u_std=0.071 v_std=0.337 r_std=0.0220
2026-05-16 06:43:20,513 - INFO -   seg  85 | w=0.4676 | u_mean=+3.723 u_std=0.098 v_std=0.333 r_std=0.0273
2026-05-16 06:43:20,513 - INFO -   seg  86 | w=0.7482 | u_mean=+3.532 u_std=0.127 v_std=0.315 r_std=0.0324
2026-05-16 06:43:20,513 - INFO -   seg  87 | w=1.1246 | u_mean=+3.313 u_std=0.158 v_std=0.287 r_std=0.0373
2026-05-16 06:43:20,513 - INFO -   seg  88 | w=1.1025 | u_mean=+3.187 u_std=0.158 v_std=0.267 r_std=0.0196
2026-05-16 06:43:20,513 - INFO -   seg  89 | w=0.8196 | u_mean=+3.272 u_std=0.135 v_std=0.265 r_std=0.0163
2026-05-16 06:43:20,513 - INFO -   seg  90 | w=0.0422 | u_mean=-0.000 u_std=0.000 v_std=0.008 r_std=0.0005
2026-05-16 06:43:20,513 - INFO -   seg  91 | w=0.0422 | u_mean=-0.000 u_std=0.000 v_std=0.004 r_std=0.0002
2026-05-16 06:43:20,513 - INFO -   seg  92 | w=0.0422 | u_mean=-0.000 u_std=0.000 v_std=0.004 r_std=0.0002
2026-05-16 06:43:20,513 - INFO -   seg  93 | w=0.0422 | u_mean=-0.000 u_std=0.000 v_std=0.004 r_std=0.0002
2026-05-16 06:43:20,513 - INFO -   seg  94 | w=0.0422 | u_mean=-0.000 u_std=0.000 v_std=0.004 r_std=0.0002
2026-05-16 06:43:20,513 - INFO -   seg  95 | w=0.0422 | u_mean=-0.000 u_std=0.000 v_std=0.004 r_std=0.0002
2026-05-16 06:43:20,513 - INFO -   seg  96 | w=0.0422 | u_mean=-0.001 u_std=0.000 v_std=0.004 r_std=0.0002
2026-05-16 06:43:20,513 - INFO -   seg  97 | w=0.0422 | u_mean=-0.001 u_std=0.000 v_std=0.004 r_std=0.0002
2026-05-16 06:43:20,513 - INFO -   seg  98 | w=0.0422 | u_mean=-0.001 u_std=0.000 v_std=0.004 r_std=0.0002
2026-05-16 06:43:20,513 - WARNING - [seg_resample] max w_seg (40.095) > 10× mean (1.254); consider lowering --seg_resample_alpha to avoid one-segment overfit.
2026-05-16 06:43:28,261 - INFO - [composite_v3a] cached v1 baseline val vel_err@K=12, n=8192, mean=0.01776
2026-05-16 06:43:28,264 - INFO - Epoch [013/60] pl=12 LR=2.73e-04 Ltot=0.0025 (vel=0.0021, acc=0.0004, lin=1.8037, stab=0.0000, bias=0.0002) | val_vel_mean=0.11358 @K=0.17908 u@K=0.17776 v@K=0.02174 slope=0.685 inst=1.048 deg%=98.36 cV3a=0.63884 spec=0.997 | 7.7s
2026-05-16 06:43:28,270 - INFO -   ↳ new best [composite_v3a]=0.638841 (vel_rmse_mean=0.113581, inst=1.04841, slope=0.6845, deg%=98.36, epoch 13)
2026-05-16 06:43:35,876 - INFO - Epoch [014/60] pl=12 LR=2.06e-04 Ltot=0.0024 (vel=0.0020, acc=0.0004, lin=1.7778, stab=0.0000, bias=0.0001) | val_vel_mean=0.09368 @K=0.14936 u@K=0.14848 v@K=0.01615 slope=0.691 inst=1.056 deg%=97.50 cV3a=0.53230 spec=0.998 | 7.6s
2026-05-16 06:43:35,883 - INFO -   ↳ new best [composite_v3a]=0.532295 (vel_rmse_mean=0.0936819, inst=1.0561, slope=0.6907, deg%=97.50, epoch 14)
2026-05-16 06:43:43,831 - INFO - Epoch [015/60] pl=12 LR=1.46e-04 Ltot=0.0024 (vel=0.0020, acc=0.0004, lin=1.7468, stab=0.0000, bias=0.0001) | val_vel_mean=0.07788 @K=0.12572 u@K=0.12516 v@K=0.01185 slope=0.701 inst=1.069 deg%=97.31 cV3a=0.45590 spec=0.998 | 7.9s
2026-05-16 06:43:43,836 - INFO -   ↳ new best [composite_v3a]=0.455901 (vel_rmse_mean=0.0778754, inst=1.06919, slope=0.7013, deg%=97.31, epoch 15)
2026-05-16 06:43:43,836 - INFO - [Curriculum] pred_len -> 14; rebuilding dataloaders...
2026-05-16 06:43:43,880 - INFO - Dataset[TRAIN] koopman_train_merged.npz | segments=99 | samples=196515 | pred_len=14 | stride=1
2026-05-16 06:43:43,885 - INFO - Dataset[VAL] koopman_val.npz | segments=3 | samples=35955 | pred_len=14 | stride=1
2026-05-16 06:43:43,898 - INFO - [seg_resample] mode=u_var_r_var alpha=1.0 | n_segments=99 | w min=0.0422 max=40.1055 mean=1.2547 std=4.6529
2026-05-16 06:43:43,898 - INFO -   seg   0 | w=3.5066 | u_mean=+0.544 u_std=0.286 v_std=0.000 r_std=0.0000
2026-05-16 06:43:43,898 - INFO -   seg   1 | w=2.3918 | u_mean=+1.521 u_std=0.236 v_std=0.000 r_std=0.0000
2026-05-16 06:43:43,898 - INFO -   seg   2 | w=0.7816 | u_mean=+2.149 u_std=0.132 v_std=0.000 r_std=0.0000
2026-05-16 06:43:43,899 - INFO -   seg   3 | w=0.4471 | u_mean=+2.560 u_std=0.098 v_std=0.000 r_std=0.0000
2026-05-16 06:43:43,899 - INFO -   seg   4 | w=0.3284 | u_mean=+2.897 u_std=0.082 v_std=0.000 r_std=0.0000
2026-05-16 06:43:43,899 - INFO -   seg   5 | w=0.2640 | u_mean=+3.194 u_std=0.072 v_std=0.000 r_std=0.0000
2026-05-16 06:43:43,899 - INFO -   seg   6 | w=0.2220 | u_mean=+3.463 u_std=0.065 v_std=0.000 r_std=0.0000
2026-05-16 06:43:43,899 - INFO -   seg   7 | w=0.1924 | u_mean=+3.712 u_std=0.060 v_std=0.000 r_std=0.0000
2026-05-16 06:43:43,899 - INFO -   seg   8 | w=0.1704 | u_mean=+3.944 u_std=0.055 v_std=0.000 r_std=0.0000
2026-05-16 06:43:43,899 - INFO -   seg   9 | w=0.1535 | u_mean=+4.163 u_std=0.051 v_std=0.000 r_std=0.0000
2026-05-16 06:43:43,899 - INFO -   seg  10 | w=40.1055 | u_mean=+1.523 u_std=0.974 v_std=0.000 r_std=0.0000 HI
2026-05-16 06:43:43,899 - INFO -   seg  11 | w=14.3923 | u_mean=-0.831 u_std=0.583 v_std=0.000 r_std=0.0000
2026-05-16 06:43:43,899 - INFO -   seg  12 | w=1.4503 | u_mean=-2.105 u_std=0.183 v_std=0.000 r_std=0.0000
2026-05-16 06:43:43,899 - INFO -   seg  13 | w=0.4382 | u_mean=-2.570 u_std=0.097 v_std=0.000 r_std=0.0000
2026-05-16 06:43:43,899 - INFO -   seg  14 | w=0.3171 | u_mean=-2.905 u_std=0.081 v_std=0.000 r_std=0.0000
2026-05-16 06:43:43,899 - INFO -   seg  15 | w=0.2552 | u_mean=-3.200 u_std=0.071 v_std=0.000 r_std=0.0000
2026-05-16 06:43:43,899 - INFO -   seg  16 | w=17.2829 | u_mean=-1.167 u_std=0.639 v_std=0.035 r_std=0.0005
2026-05-16 06:43:43,899 - INFO -   seg  17 | w=0.2834 | u_mean=-0.379 u_std=0.076 v_std=0.005 r_std=0.0002
2026-05-16 06:43:43,899 - INFO -   seg  18 | w=0.0918 | u_mean=-0.206 u_std=0.034 v_std=0.004 r_std=0.0002
2026-05-16 06:43:43,899 - INFO -   seg  19 | w=0.0639 | u_mean=-0.111 u_std=0.023 v_std=0.004 r_std=0.0002
2026-05-16 06:43:43,899 - INFO -   seg  20 | w=0.0536 | u_mean=-0.045 u_std=0.016 v_std=0.004 r_std=0.0002
2026-05-16 06:43:43,899 - INFO -   seg  21 | w=0.0459 | u_mean=-0.000 u_std=0.009 v_std=0.005 r_std=0.0002
2026-05-16 06:43:43,899 - INFO -   seg  22 | w=0.0423 | u_mean=+0.014 u_std=0.001 v_std=0.003 r_std=0.0002
2026-05-16 06:43:43,899 - INFO -   seg  23 | w=0.0432 | u_mean=+0.002 u_std=0.005 v_std=0.005 r_std=0.0002
2026-05-16 06:43:43,899 - INFO -   seg  24 | w=0.0423 | u_mean=-0.005 u_std=0.001 v_std=0.006 r_std=0.0002
2026-05-16 06:43:43,899 - INFO -   seg  25 | w=11.5344 | u_mean=+1.430 u_std=0.522 v_std=0.047 r_std=0.0030
2026-05-16 06:43:43,899 - INFO -   seg  26 | w=0.0436 | u_mean=+1.867 u_std=0.005 v_std=0.104 r_std=0.0028
2026-05-16 06:43:43,899 - INFO -   seg  27 | w=0.0484 | u_mean=+1.842 u_std=0.012 v_std=0.133 r_std=0.0042
2026-05-16 06:43:43,899 - INFO -   seg  28 | w=0.0548 | u_mean=+1.804 u_std=0.017 v_std=0.153 r_std=0.0056
2026-05-16 06:43:43,899 - INFO -   seg  29 | w=0.0636 | u_mean=+1.755 u_std=0.022 v_std=0.167 r_std=0.0069
2026-05-16 06:43:43,899 - INFO -   seg  30 | w=0.0751 | u_mean=+1.697 u_std=0.027 v_std=0.176 r_std=0.0082
2026-05-16 06:43:43,899 - INFO -   seg  31 | w=0.0888 | u_mean=+1.629 u_std=0.033 v_std=0.181 r_std=0.0094
2026-05-16 06:43:43,899 - INFO -   seg  32 | w=1.4450 | u_mean=+2.182 u_std=0.182 v_std=0.124 r_std=0.0029
2026-05-16 06:43:43,899 - INFO -   seg  33 | w=0.0473 | u_mean=+2.281 u_std=0.011 v_std=0.124 r_std=0.0039
2026-05-16 06:43:43,899 - INFO -   seg  34 | w=0.0562 | u_mean=+2.241 u_std=0.018 v_std=0.173 r_std=0.0063
2026-05-16 06:43:43,899 - INFO -   seg  35 | w=0.0667 | u_mean=+2.183 u_std=0.023 v_std=0.204 r_std=0.0084
2026-05-16 06:43:43,899 - INFO -   seg  36 | w=0.0847 | u_mean=+2.114 u_std=0.031 v_std=0.216 r_std=0.0104
2026-05-16 06:43:43,899 - INFO -   seg  37 | w=0.1097 | u_mean=+2.031 u_std=0.039 v_std=0.221 r_std=0.0123
2026-05-16 06:43:43,899 - INFO -   seg  38 | w=0.1423 | u_mean=+1.936 u_std=0.048 v_std=0.220 r_std=0.0142
2026-05-16 06:43:43,899 - INFO -   seg  39 | w=1.3037 | u_mean=+2.548 u_std=0.173 v_std=0.156 r_std=0.0042
2026-05-16 06:43:43,899 - INFO -   seg  40 | w=0.0486 | u_mean=+2.623 u_std=0.012 v_std=0.178 r_std=0.0054
2026-05-16 06:43:43,899 - INFO -   seg  41 | w=0.0603 | u_mean=+2.572 u_std=0.020 v_std=0.214 r_std=0.0080
2026-05-16 06:43:43,899 - INFO -   seg  42 | w=0.0809 | u_mean=+2.497 u_std=0.029 v_std=0.237 r_std=0.0108
2026-05-16 06:43:43,899 - INFO -   seg  43 | w=0.1108 | u_mean=+2.418 u_std=0.039 v_std=0.244 r_std=0.0132
2026-05-16 06:43:43,899 - INFO -   seg  44 | w=0.1540 | u_mean=+2.302 u_std=0.050 v_std=0.246 r_std=0.0162
2026-05-16 06:43:43,899 - INFO -   seg  45 | w=0.1986 | u_mean=+2.193 u_std=0.059 v_std=0.240 r_std=0.0183
2026-05-16 06:43:43,899 - INFO -   seg  46 | w=1.8729 | u_mean=+2.842 u_std=0.208 v_std=0.182 r_std=0.0055
2026-05-16 06:43:43,899 - INFO -   seg  47 | w=0.0507 | u_mean=+2.927 u_std=0.013 v_std=0.195 r_std=0.0062
2026-05-16 06:43:43,899 - INFO -   seg  48 | w=0.0892 | u_mean=+2.876 u_std=0.033 v_std=0.220 r_std=0.0091
2026-05-16 06:43:43,899 - INFO -   seg  49 | w=0.1249 | u_mean=+2.794 u_std=0.043 v_std=0.248 r_std=0.0120
2026-05-16 06:43:43,899 - INFO -   seg  50 | w=0.2179 | u_mean=+2.702 u_std=0.064 v_std=0.252 r_std=0.0150
2026-05-16 06:43:43,899 - INFO -   seg  51 | w=0.2976 | u_mean=+2.584 u_std=0.077 v_std=0.255 r_std=0.0179
2026-05-16 06:43:43,899 - INFO -   seg  52 | w=0.4365 | u_mean=+2.453 u_std=0.095 v_std=0.247 r_std=0.0207
2026-05-16 06:43:43,899 - INFO -   seg  53 | w=1.4274 | u_mean=+3.150 u_std=0.181 v_std=0.151 r_std=0.0035
2026-05-16 06:43:43,899 - INFO -   seg  54 | w=0.0590 | u_mean=+3.208 u_std=0.019 v_std=0.194 r_std=0.0070
2026-05-16 06:43:43,899 - INFO -   seg  55 | w=0.1030 | u_mean=+3.147 u_std=0.037 v_std=0.232 r_std=0.0104
2026-05-16 06:43:43,899 - INFO -   seg  56 | w=0.1875 | u_mean=+3.063 u_std=0.058 v_std=0.252 r_std=0.0138
2026-05-16 06:43:43,899 - INFO -   seg  57 | w=0.3210 | u_mean=+2.959 u_std=0.080 v_std=0.260 r_std=0.0171
2026-05-16 06:43:43,899 - INFO -   seg  58 | w=0.5133 | u_mean=+2.833 u_std=0.105 v_std=0.258 r_std=0.0203
2026-05-16 06:43:43,899 - INFO -   seg  59 | w=0.7620 | u_mean=+2.688 u_std=0.129 v_std=0.247 r_std=0.0234
2026-05-16 06:43:43,899 - INFO -   seg  60 | w=1.1259 | u_mean=+3.421 u_std=0.160 v_std=0.163 r_std=0.0054
2026-05-16 06:43:43,899 - INFO -   seg  61 | w=0.0577 | u_mean=+3.454 u_std=0.018 v_std=0.237 r_std=0.0085
2026-05-16 06:43:43,899 - INFO -   seg  62 | w=0.1037 | u_mean=+3.391 u_std=0.037 v_std=0.256 r_std=0.0121
2026-05-16 06:43:43,899 - INFO -   seg  63 | w=0.1844 | u_mean=+3.297 u_std=0.057 v_std=0.279 r_std=0.0158
2026-05-16 06:43:43,899 - INFO -   seg  64 | w=0.3383 | u_mean=+3.182 u_std=0.083 v_std=0.283 r_std=0.0196
2026-05-16 06:43:43,899 - INFO -   seg  65 | w=0.5431 | u_mean=+3.043 u_std=0.108 v_std=0.280 r_std=0.0232
2026-05-16 06:43:43,899 - INFO -   seg  66 | w=0.8354 | u_mean=+2.883 u_std=0.136 v_std=0.267 r_std=0.0266
2026-05-16 06:43:43,899 - INFO -   seg  67 | w=1.5283 | u_mean=+3.644 u_std=0.187 v_std=0.220 r_std=0.0074
2026-05-16 06:43:43,900 - INFO -   seg  68 | w=0.0644 | u_mean=+3.690 u_std=0.022 v_std=0.254 r_std=0.0092
2026-05-16 06:43:43,900 - INFO -   seg  69 | w=0.1384 | u_mean=+3.613 u_std=0.047 v_std=0.280 r_std=0.0136
2026-05-16 06:43:43,900 - INFO -   seg  70 | w=0.2600 | u_mean=+3.505 u_std=0.071 v_std=0.297 r_std=0.0181
2026-05-16 06:43:43,900 - INFO -   seg  71 | w=0.4324 | u_mean=+3.372 u_std=0.095 v_std=0.299 r_std=0.0226
2026-05-16 06:43:43,900 - INFO -   seg  72 | w=0.5979 | u_mean=+3.217 u_std=0.113 v_std=0.291 r_std=0.0268
2026-05-16 06:43:43,900 - INFO -   seg  73 | w=0.7263 | u_mean=+3.033 u_std=0.125 v_std=0.278 r_std=0.0302
2026-05-16 06:43:43,900 - INFO -   seg  74 | w=2.3111 | u_mean=+3.845 u_std=0.232 v_std=0.247 r_std=0.0090
2026-05-16 06:43:43,900 - INFO -   seg  75 | w=0.0697 | u_mean=+3.912 u_std=0.024 v_std=0.262 r_std=0.0100
2026-05-16 06:43:43,900 - INFO -   seg  76 | w=0.1426 | u_mean=+3.823 u_std=0.048 v_std=0.300 r_std=0.0150
2026-05-16 06:43:43,900 - INFO -   seg  77 | w=0.2711 | u_mean=+3.702 u_std=0.072 v_std=0.318 r_std=0.0199
2026-05-16 06:43:43,900 - INFO -   seg  78 | w=0.4697 | u_mean=+3.554 u_std=0.099 v_std=0.318 r_std=0.0247
2026-05-16 06:43:43,900 - INFO -   seg  79 | w=0.7576 | u_mean=+3.378 u_std=0.128 v_std=0.306 r_std=0.0294
2026-05-16 06:43:43,900 - INFO -   seg  80 | w=1.1479 | u_mean=+3.179 u_std=0.160 v_std=0.282 r_std=0.0339
2026-05-16 06:43:43,900 - INFO -   seg  81 | w=1.3366 | u_mean=+4.098 u_std=0.175 v_std=0.203 r_std=0.0068
2026-05-16 06:43:43,900 - INFO -   seg  82 | w=0.0777 | u_mean=+4.123 u_std=0.028 v_std=0.264 r_std=0.0109
2026-05-16 06:43:43,900 - INFO -   seg  83 | w=0.1426 | u_mean=+4.021 u_std=0.047 v_std=0.320 r_std=0.0165
2026-05-16 06:43:43,900 - INFO -   seg  84 | w=0.2673 | u_mean=+3.887 u_std=0.071 v_std=0.337 r_std=0.0220
2026-05-16 06:43:43,900 - INFO -   seg  85 | w=0.4677 | u_mean=+3.723 u_std=0.098 v_std=0.333 r_std=0.0273
2026-05-16 06:43:43,900 - INFO -   seg  86 | w=0.7484 | u_mean=+3.532 u_std=0.127 v_std=0.315 r_std=0.0324
2026-05-16 06:43:43,900 - INFO -   seg  87 | w=1.1249 | u_mean=+3.313 u_std=0.158 v_std=0.287 r_std=0.0373
2026-05-16 06:43:43,900 - INFO -   seg  88 | w=1.1028 | u_mean=+3.187 u_std=0.158 v_std=0.267 r_std=0.0196
2026-05-16 06:43:43,900 - INFO -   seg  89 | w=0.8198 | u_mean=+3.272 u_std=0.135 v_std=0.265 r_std=0.0163
2026-05-16 06:43:43,900 - INFO -   seg  90 | w=0.0423 | u_mean=-0.000 u_std=0.000 v_std=0.008 r_std=0.0005
2026-05-16 06:43:43,900 - INFO -   seg  91 | w=0.0422 | u_mean=-0.000 u_std=0.000 v_std=0.004 r_std=0.0002
2026-05-16 06:43:43,900 - INFO -   seg  92 | w=0.0422 | u_mean=-0.000 u_std=0.000 v_std=0.004 r_std=0.0002
2026-05-16 06:43:43,900 - INFO -   seg  93 | w=0.0422 | u_mean=-0.000 u_std=0.000 v_std=0.004 r_std=0.0002
2026-05-16 06:43:43,900 - INFO -   seg  94 | w=0.0422 | u_mean=-0.000 u_std=0.000 v_std=0.004 r_std=0.0002
2026-05-16 06:43:43,900 - INFO -   seg  95 | w=0.0422 | u_mean=-0.000 u_std=0.000 v_std=0.004 r_std=0.0002
2026-05-16 06:43:43,900 - INFO -   seg  96 | w=0.0422 | u_mean=-0.001 u_std=0.000 v_std=0.004 r_std=0.0002
2026-05-16 06:43:43,900 - INFO -   seg  97 | w=0.0422 | u_mean=-0.001 u_std=0.000 v_std=0.004 r_std=0.0002
2026-05-16 06:43:43,901 - INFO -   seg  98 | w=0.0422 | u_mean=-0.001 u_std=0.000 v_std=0.004 r_std=0.0002
2026-05-16 06:43:43,901 - WARNING - [seg_resample] max w_seg (40.105) > 10× mean (1.255); consider lowering --seg_resample_alpha to avoid one-segment overfit.
2026-05-16 06:43:52,397 - INFO - [composite_v3a] cached v1 baseline val vel_err@K=14, n=8192, mean=0.02056
2026-05-16 06:43:52,401 - INFO - Epoch [016/60] pl=14 LR=9.55e-05 Ltot=0.0024 (vel=0.0021, acc=0.0004, lin=1.8521, stab=0.0000, bias=0.0001) | val_vel_mean=0.07270 @K=0.12159 u@K=0.12129 v@K=0.00861 slope=0.722 inst=1.147 deg%=97.40 cV3a=0.47379 spec=0.998 | 8.5s
2026-05-16 06:44:00,898 - INFO - Epoch [017/60] pl=14 LR=5.45e-05 Ltot=0.0024 (vel=0.0021, acc=0.0003, lin=1.8309, stab=0.0000, bias=0.0001) | val_vel_mean=0.06149 @K=0.10443 u@K=0.10425 v@K=0.00621 slope=0.742 inst=1.176 deg%=97.12 cV3a=0.42394 spec=0.998 | 8.5s
2026-05-16 06:44:00,904 - INFO -   ↳ new best [composite_v3a]=0.423936 (vel_rmse_mean=0.0614924, inst=1.17573, slope=0.7416, deg%=97.12, epoch 17)
2026-05-16 06:44:09,238 - INFO - Epoch [018/60] pl=14 LR=2.45e-05 Ltot=0.0023 (vel=0.0021, acc=0.0003, lin=1.8275, stab=0.0000, bias=0.0001) | val_vel_mean=0.05240 @K=0.09047 u@K=0.09034 v@K=0.00476 slope=0.765 inst=1.212 deg%=96.59 cV3a=0.38488 spec=0.999 | 8.3s
2026-05-16 06:44:09,243 - INFO -   ↳ new best [composite_v3a]=0.38488 (vel_rmse_mean=0.0524011, inst=1.21169, slope=0.7648, deg%=96.59, epoch 18)
2026-05-16 06:44:09,243 - INFO - [Curriculum] pred_len -> 16; rebuilding dataloaders...
2026-05-16 06:44:09,283 - INFO - Dataset[TRAIN] koopman_train_merged.npz | segments=99 | samples=196317 | pred_len=16 | stride=1
2026-05-16 06:44:09,288 - INFO - Dataset[VAL] koopman_val.npz | segments=3 | samples=35949 | pred_len=16 | stride=1
2026-05-16 06:44:09,300 - INFO - [seg_resample] mode=u_var_r_var alpha=1.0 | n_segments=99 | w min=0.0423 max=40.1158 mean=1.2551 std=4.6541
2026-05-16 06:44:09,300 - INFO -   seg   0 | w=3.5075 | u_mean=+0.544 u_std=0.286 v_std=0.000 r_std=0.0000
2026-05-16 06:44:09,300 - INFO -   seg   1 | w=2.3924 | u_mean=+1.521 u_std=0.236 v_std=0.000 r_std=0.0000
2026-05-16 06:44:09,300 - INFO -   seg   2 | w=0.7818 | u_mean=+2.149 u_std=0.132 v_std=0.000 r_std=0.0000
2026-05-16 06:44:09,300 - INFO -   seg   3 | w=0.4472 | u_mean=+2.560 u_std=0.098 v_std=0.000 r_std=0.0000
2026-05-16 06:44:09,300 - INFO -   seg   4 | w=0.3285 | u_mean=+2.897 u_std=0.082 v_std=0.000 r_std=0.0000
2026-05-16 06:44:09,300 - INFO -   seg   5 | w=0.2641 | u_mean=+3.194 u_std=0.072 v_std=0.000 r_std=0.0000
2026-05-16 06:44:09,300 - INFO -   seg   6 | w=0.2221 | u_mean=+3.463 u_std=0.065 v_std=0.000 r_std=0.0000
2026-05-16 06:44:09,300 - INFO -   seg   7 | w=0.1924 | u_mean=+3.712 u_std=0.060 v_std=0.000 r_std=0.0000
2026-05-16 06:44:09,300 - INFO -   seg   8 | w=0.1704 | u_mean=+3.944 u_std=0.055 v_std=0.000 r_std=0.0000
2026-05-16 06:44:09,300 - INFO -   seg   9 | w=0.1535 | u_mean=+4.163 u_std=0.051 v_std=0.000 r_std=0.0000
2026-05-16 06:44:09,300 - INFO -   seg  10 | w=40.1158 | u_mean=+1.523 u_std=0.974 v_std=0.000 r_std=0.0000 HI
2026-05-16 06:44:09,300 - INFO -   seg  11 | w=14.3960 | u_mean=-0.831 u_std=0.583 v_std=0.000 r_std=0.0000
2026-05-16 06:44:09,300 - INFO -   seg  12 | w=1.4506 | u_mean=-2.105 u_std=0.183 v_std=0.000 r_std=0.0000
2026-05-16 06:44:09,300 - INFO -   seg  13 | w=0.4383 | u_mean=-2.570 u_std=0.097 v_std=0.000 r_std=0.0000
2026-05-16 06:44:09,300 - INFO -   seg  14 | w=0.3172 | u_mean=-2.905 u_std=0.081 v_std=0.000 r_std=0.0000
2026-05-16 06:44:09,300 - INFO -   seg  15 | w=0.2553 | u_mean=-3.200 u_std=0.071 v_std=0.000 r_std=0.0000
2026-05-16 06:44:09,300 - INFO -   seg  16 | w=17.2873 | u_mean=-1.167 u_std=0.639 v_std=0.035 r_std=0.0005
2026-05-16 06:44:09,300 - INFO -   seg  17 | w=0.2835 | u_mean=-0.379 u_std=0.076 v_std=0.005 r_std=0.0002
2026-05-16 06:44:09,300 - INFO -   seg  18 | w=0.0918 | u_mean=-0.206 u_std=0.034 v_std=0.004 r_std=0.0002
2026-05-16 06:44:09,300 - INFO -   seg  19 | w=0.0640 | u_mean=-0.111 u_std=0.023 v_std=0.004 r_std=0.0002
2026-05-16 06:44:09,300 - INFO -   seg  20 | w=0.0536 | u_mean=-0.045 u_std=0.016 v_std=0.004 r_std=0.0002
2026-05-16 06:44:09,300 - INFO -   seg  21 | w=0.0459 | u_mean=-0.000 u_std=0.009 v_std=0.005 r_std=0.0002
2026-05-16 06:44:09,300 - INFO -   seg  22 | w=0.0423 | u_mean=+0.014 u_std=0.001 v_std=0.003 r_std=0.0002
2026-05-16 06:44:09,300 - INFO -   seg  23 | w=0.0432 | u_mean=+0.002 u_std=0.005 v_std=0.005 r_std=0.0002
2026-05-16 06:44:09,300 - INFO -   seg  24 | w=0.0423 | u_mean=-0.005 u_std=0.001 v_std=0.006 r_std=0.0002
2026-05-16 06:44:09,300 - INFO -   seg  25 | w=11.5374 | u_mean=+1.430 u_std=0.522 v_std=0.047 r_std=0.0030
2026-05-16 06:44:09,300 - INFO -   seg  26 | w=0.0436 | u_mean=+1.867 u_std=0.005 v_std=0.104 r_std=0.0028
2026-05-16 06:44:09,300 - INFO -   seg  27 | w=0.0484 | u_mean=+1.842 u_std=0.012 v_std=0.133 r_std=0.0042
2026-05-16 06:44:09,300 - INFO -   seg  28 | w=0.0548 | u_mean=+1.804 u_std=0.017 v_std=0.153 r_std=0.0056
2026-05-16 06:44:09,300 - INFO -   seg  29 | w=0.0636 | u_mean=+1.755 u_std=0.022 v_std=0.167 r_std=0.0069
2026-05-16 06:44:09,300 - INFO -   seg  30 | w=0.0751 | u_mean=+1.697 u_std=0.027 v_std=0.176 r_std=0.0082
2026-05-16 06:44:09,300 - INFO -   seg  31 | w=0.0888 | u_mean=+1.629 u_std=0.033 v_std=0.181 r_std=0.0094
2026-05-16 06:44:09,300 - INFO -   seg  32 | w=1.4454 | u_mean=+2.182 u_std=0.182 v_std=0.124 r_std=0.0029
2026-05-16 06:44:09,300 - INFO -   seg  33 | w=0.0473 | u_mean=+2.281 u_std=0.011 v_std=0.124 r_std=0.0039
2026-05-16 06:44:09,300 - INFO -   seg  34 | w=0.0562 | u_mean=+2.241 u_std=0.018 v_std=0.173 r_std=0.0063
2026-05-16 06:44:09,300 - INFO -   seg  35 | w=0.0667 | u_mean=+2.183 u_std=0.023 v_std=0.204 r_std=0.0084
2026-05-16 06:44:09,300 - INFO -   seg  36 | w=0.0847 | u_mean=+2.114 u_std=0.031 v_std=0.216 r_std=0.0104
2026-05-16 06:44:09,300 - INFO -   seg  37 | w=0.1097 | u_mean=+2.031 u_std=0.039 v_std=0.221 r_std=0.0123
2026-05-16 06:44:09,300 - INFO -   seg  38 | w=0.1423 | u_mean=+1.936 u_std=0.048 v_std=0.220 r_std=0.0142
2026-05-16 06:44:09,300 - INFO -   seg  39 | w=1.3040 | u_mean=+2.548 u_std=0.173 v_std=0.156 r_std=0.0042
2026-05-16 06:44:09,300 - INFO -   seg  40 | w=0.0486 | u_mean=+2.623 u_std=0.012 v_std=0.178 r_std=0.0054
2026-05-16 06:44:09,300 - INFO -   seg  41 | w=0.0603 | u_mean=+2.572 u_std=0.020 v_std=0.214 r_std=0.0080
2026-05-16 06:44:09,300 - INFO -   seg  42 | w=0.0809 | u_mean=+2.497 u_std=0.029 v_std=0.237 r_std=0.0108
2026-05-16 06:44:09,300 - INFO -   seg  43 | w=0.1108 | u_mean=+2.418 u_std=0.039 v_std=0.244 r_std=0.0132
2026-05-16 06:44:09,300 - INFO -   seg  44 | w=0.1540 | u_mean=+2.302 u_std=0.050 v_std=0.246 r_std=0.0162
2026-05-16 06:44:09,301 - INFO -   seg  45 | w=0.1986 | u_mean=+2.193 u_std=0.059 v_std=0.240 r_std=0.0183
2026-05-16 06:44:09,301 - INFO -   seg  46 | w=1.8734 | u_mean=+2.842 u_std=0.208 v_std=0.182 r_std=0.0055
2026-05-16 06:44:09,301 - INFO -   seg  47 | w=0.0508 | u_mean=+2.927 u_std=0.013 v_std=0.195 r_std=0.0062
2026-05-16 06:44:09,301 - INFO -   seg  48 | w=0.0892 | u_mean=+2.876 u_std=0.033 v_std=0.220 r_std=0.0091
2026-05-16 06:44:09,301 - INFO -   seg  49 | w=0.1249 | u_mean=+2.794 u_std=0.043 v_std=0.248 r_std=0.0120
2026-05-16 06:44:09,301 - INFO -   seg  50 | w=0.2179 | u_mean=+2.702 u_std=0.064 v_std=0.252 r_std=0.0150
2026-05-16 06:44:09,301 - INFO -   seg  51 | w=0.2976 | u_mean=+2.584 u_std=0.077 v_std=0.255 r_std=0.0179
2026-05-16 06:44:09,301 - INFO -   seg  52 | w=0.4366 | u_mean=+2.453 u_std=0.095 v_std=0.247 r_std=0.0207
2026-05-16 06:44:09,301 - INFO -   seg  53 | w=1.4278 | u_mean=+3.150 u_std=0.181 v_std=0.151 r_std=0.0035
2026-05-16 06:44:09,301 - INFO -   seg  54 | w=0.0590 | u_mean=+3.208 u_std=0.019 v_std=0.194 r_std=0.0070
2026-05-16 06:44:09,301 - INFO -   seg  55 | w=0.1030 | u_mean=+3.147 u_std=0.037 v_std=0.232 r_std=0.0104
2026-05-16 06:44:09,301 - INFO -   seg  56 | w=0.1876 | u_mean=+3.063 u_std=0.058 v_std=0.252 r_std=0.0138
2026-05-16 06:44:09,301 - INFO -   seg  57 | w=0.3211 | u_mean=+2.959 u_std=0.080 v_std=0.260 r_std=0.0171
2026-05-16 06:44:09,301 - INFO -   seg  58 | w=0.5134 | u_mean=+2.833 u_std=0.105 v_std=0.258 r_std=0.0203
2026-05-16 06:44:09,301 - INFO -   seg  59 | w=0.7622 | u_mean=+2.688 u_std=0.129 v_std=0.247 r_std=0.0234
2026-05-16 06:44:09,301 - INFO -   seg  60 | w=1.1262 | u_mean=+3.421 u_std=0.160 v_std=0.163 r_std=0.0054
2026-05-16 06:44:09,301 - INFO -   seg  61 | w=0.0577 | u_mean=+3.454 u_std=0.018 v_std=0.237 r_std=0.0085
2026-05-16 06:44:09,301 - INFO -   seg  62 | w=0.1037 | u_mean=+3.391 u_std=0.037 v_std=0.256 r_std=0.0121
2026-05-16 06:44:09,301 - INFO -   seg  63 | w=0.1845 | u_mean=+3.297 u_std=0.057 v_std=0.279 r_std=0.0158
2026-05-16 06:44:09,301 - INFO -   seg  64 | w=0.3384 | u_mean=+3.182 u_std=0.083 v_std=0.283 r_std=0.0196
2026-05-16 06:44:09,301 - INFO -   seg  65 | w=0.5432 | u_mean=+3.043 u_std=0.108 v_std=0.280 r_std=0.0232
2026-05-16 06:44:09,301 - INFO -   seg  66 | w=0.8356 | u_mean=+2.883 u_std=0.136 v_std=0.267 r_std=0.0266
2026-05-16 06:44:09,301 - INFO -   seg  67 | w=1.5287 | u_mean=+3.644 u_std=0.187 v_std=0.220 r_std=0.0074
2026-05-16 06:44:09,301 - INFO -   seg  68 | w=0.0644 | u_mean=+3.690 u_std=0.022 v_std=0.254 r_std=0.0092
2026-05-16 06:44:09,301 - INFO -   seg  69 | w=0.1384 | u_mean=+3.613 u_std=0.047 v_std=0.280 r_std=0.0136
2026-05-16 06:44:09,301 - INFO -   seg  70 | w=0.2600 | u_mean=+3.505 u_std=0.071 v_std=0.297 r_std=0.0181
2026-05-16 06:44:09,301 - INFO -   seg  71 | w=0.4325 | u_mean=+3.372 u_std=0.095 v_std=0.299 r_std=0.0226
2026-05-16 06:44:09,301 - INFO -   seg  72 | w=0.5980 | u_mean=+3.217 u_std=0.113 v_std=0.291 r_std=0.0268
2026-05-16 06:44:09,301 - INFO -   seg  73 | w=0.7265 | u_mean=+3.033 u_std=0.125 v_std=0.278 r_std=0.0302
2026-05-16 06:44:09,301 - INFO -   seg  74 | w=2.3117 | u_mean=+3.845 u_std=0.232 v_std=0.247 r_std=0.0090
2026-05-16 06:44:09,301 - INFO -   seg  75 | w=0.0697 | u_mean=+3.912 u_std=0.024 v_std=0.262 r_std=0.0100
2026-05-16 06:44:09,301 - INFO -   seg  76 | w=0.1426 | u_mean=+3.823 u_std=0.048 v_std=0.300 r_std=0.0150
2026-05-16 06:44:09,301 - INFO -   seg  77 | w=0.2712 | u_mean=+3.702 u_std=0.072 v_std=0.318 r_std=0.0199
2026-05-16 06:44:09,301 - INFO -   seg  78 | w=0.4699 | u_mean=+3.554 u_std=0.099 v_std=0.318 r_std=0.0247
2026-05-16 06:44:09,301 - INFO -   seg  79 | w=0.7578 | u_mean=+3.378 u_std=0.128 v_std=0.306 r_std=0.0294
2026-05-16 06:44:09,301 - INFO -   seg  80 | w=1.1482 | u_mean=+3.179 u_std=0.160 v_std=0.282 r_std=0.0339
2026-05-16 06:44:09,301 - INFO -   seg  81 | w=1.3370 | u_mean=+4.098 u_std=0.175 v_std=0.203 r_std=0.0068
2026-05-16 06:44:09,301 - INFO -   seg  82 | w=0.0778 | u_mean=+4.123 u_std=0.028 v_std=0.264 r_std=0.0109
2026-05-16 06:44:09,301 - INFO -   seg  83 | w=0.1427 | u_mean=+4.021 u_std=0.047 v_std=0.320 r_std=0.0165
2026-05-16 06:44:09,301 - INFO -   seg  84 | w=0.2674 | u_mean=+3.887 u_std=0.071 v_std=0.337 r_std=0.0220
2026-05-16 06:44:09,301 - INFO -   seg  85 | w=0.4678 | u_mean=+3.723 u_std=0.098 v_std=0.333 r_std=0.0273
2026-05-16 06:44:09,301 - INFO -   seg  86 | w=0.7486 | u_mean=+3.532 u_std=0.127 v_std=0.315 r_std=0.0324
2026-05-16 06:44:09,301 - INFO -   seg  87 | w=1.1251 | u_mean=+3.313 u_std=0.158 v_std=0.287 r_std=0.0373
2026-05-16 06:44:09,301 - INFO -   seg  88 | w=1.1031 | u_mean=+3.187 u_std=0.158 v_std=0.267 r_std=0.0196
2026-05-16 06:44:09,301 - INFO -   seg  89 | w=0.8200 | u_mean=+3.272 u_std=0.135 v_std=0.265 r_std=0.0163
2026-05-16 06:44:09,301 - INFO -   seg  90 | w=0.0423 | u_mean=-0.000 u_std=0.000 v_std=0.008 r_std=0.0005
2026-05-16 06:44:09,301 - INFO -   seg  91 | w=0.0423 | u_mean=-0.000 u_std=0.000 v_std=0.004 r_std=0.0002
2026-05-16 06:44:09,301 - INFO -   seg  92 | w=0.0423 | u_mean=-0.000 u_std=0.000 v_std=0.004 r_std=0.0002
2026-05-16 06:44:09,301 - INFO -   seg  93 | w=0.0423 | u_mean=-0.000 u_std=0.000 v_std=0.004 r_std=0.0002
2026-05-16 06:44:09,301 - INFO -   seg  94 | w=0.0423 | u_mean=-0.000 u_std=0.000 v_std=0.004 r_std=0.0002
2026-05-16 06:44:09,301 - INFO -   seg  95 | w=0.0423 | u_mean=-0.000 u_std=0.000 v_std=0.004 r_std=0.0002
2026-05-16 06:44:09,301 - INFO -   seg  96 | w=0.0423 | u_mean=-0.001 u_std=0.000 v_std=0.004 r_std=0.0002
2026-05-16 06:44:09,301 - INFO -   seg  97 | w=0.0423 | u_mean=-0.001 u_std=0.000 v_std=0.004 r_std=0.0002
2026-05-16 06:44:09,301 - INFO -   seg  98 | w=0.0423 | u_mean=-0.001 u_std=0.000 v_std=0.004 r_std=0.0002
2026-05-16 06:44:09,301 - WARNING - [seg_resample] max w_seg (40.116) > 10× mean (1.255); consider lowering --seg_resample_alpha to avoid one-segment overfit.
2026-05-16 06:44:18,801 - INFO - [composite_v3a] cached v1 baseline val vel_err@K=16, n=8192, mean=0.02332
2026-05-16 06:44:18,805 - INFO - Epoch [019/60] pl=16 LR=6.16e-06 Ltot=0.0023 (vel=0.0021, acc=0.0003, lin=1.9186, stab=0.0000, bias=0.0000) | val_vel_mean=0.05033 @K=0.08968 u@K=0.08957 v@K=0.00445 slope=0.800 inst=1.333 deg%=96.40 cV3a=0.42936 spec=0.998 | 9.5s
2026-05-16 06:44:28,083 - INFO - Epoch [020/60] pl=16 LR=1.00e-03 Ltot=0.0023 (vel=0.0021, acc=0.0003, lin=1.9269, stab=0.0000, bias=0.0000) | val_vel_mean=0.04387 @K=0.07955 u@K=0.07941 v@K=0.00479 slope=0.831 inst=1.395 deg%=95.91 cV3a=0.40790 spec=0.998 | 9.3s
2026-05-16 06:44:37,690 - INFO - Epoch [021/60] pl=16 LR=9.98e-04 Ltot=0.0042 (vel=0.0027, acc=0.0009, lin=1.8390, stab=0.0000, bias=0.0009) | val_vel_mean=0.03796 @K=0.06888 u@K=0.06866 v@K=0.00556 slope=0.836 inst=1.406 deg%=94.85 cV3a=0.35451 spec=0.997 | 9.6s
2026-05-16 06:44:37,695 - INFO -   ↳ new best [composite_v3a]=0.354514 (vel_rmse_mean=0.0379613, inst=1.40594, slope=0.8359, deg%=94.85, epoch 21)
2026-05-16 06:44:37,695 - INFO - [Curriculum] pred_len -> 18; rebuilding dataloaders...
2026-05-16 06:44:37,741 - INFO - Dataset[TRAIN] koopman_train_merged.npz | segments=99 | samples=196119 | pred_len=18 | stride=1
2026-05-16 06:44:37,746 - INFO - Dataset[VAL] koopman_val.npz | segments=3 | samples=35943 | pred_len=18 | stride=1
2026-05-16 06:44:37,759 - INFO - [seg_resample] mode=u_var_r_var alpha=1.0 | n_segments=99 | w min=0.0423 max=40.1261 mean=1.2554 std=4.6553
2026-05-16 06:44:37,759 - INFO -   seg   0 | w=3.5084 | u_mean=+0.544 u_std=0.286 v_std=0.000 r_std=0.0000
2026-05-16 06:44:37,759 - INFO -   seg   1 | w=2.3930 | u_mean=+1.521 u_std=0.236 v_std=0.000 r_std=0.0000
2026-05-16 06:44:37,759 - INFO -   seg   2 | w=0.7820 | u_mean=+2.149 u_std=0.132 v_std=0.000 r_std=0.0000
2026-05-16 06:44:37,759 - INFO -   seg   3 | w=0.4473 | u_mean=+2.560 u_std=0.098 v_std=0.000 r_std=0.0000
2026-05-16 06:44:37,759 - INFO -   seg   4 | w=0.3285 | u_mean=+2.897 u_std=0.082 v_std=0.000 r_std=0.0000
2026-05-16 06:44:37,759 - INFO -   seg   5 | w=0.2642 | u_mean=+3.194 u_std=0.072 v_std=0.000 r_std=0.0000
2026-05-16 06:44:37,759 - INFO -   seg   6 | w=0.2222 | u_mean=+3.463 u_std=0.065 v_std=0.000 r_std=0.0000
2026-05-16 06:44:37,759 - INFO -   seg   7 | w=0.1925 | u_mean=+3.712 u_std=0.060 v_std=0.000 r_std=0.0000
2026-05-16 06:44:37,759 - INFO -   seg   8 | w=0.1705 | u_mean=+3.944 u_std=0.055 v_std=0.000 r_std=0.0000
2026-05-16 06:44:37,759 - INFO -   seg   9 | w=0.1535 | u_mean=+4.163 u_std=0.051 v_std=0.000 r_std=0.0000
2026-05-16 06:44:37,759 - INFO -   seg  10 | w=40.1261 | u_mean=+1.523 u_std=0.974 v_std=0.000 r_std=0.0000 HI
2026-05-16 06:44:37,759 - INFO -   seg  11 | w=14.3997 | u_mean=-0.831 u_std=0.583 v_std=0.000 r_std=0.0000
2026-05-16 06:44:37,759 - INFO -   seg  12 | w=1.4510 | u_mean=-2.105 u_std=0.183 v_std=0.000 r_std=0.0000
2026-05-16 06:44:37,759 - INFO -   seg  13 | w=0.4384 | u_mean=-2.570 u_std=0.097 v_std=0.000 r_std=0.0000
2026-05-16 06:44:37,759 - INFO -   seg  14 | w=0.3173 | u_mean=-2.905 u_std=0.081 v_std=0.000 r_std=0.0000
2026-05-16 06:44:37,759 - INFO -   seg  15 | w=0.2554 | u_mean=-3.200 u_std=0.071 v_std=0.000 r_std=0.0000
2026-05-16 06:44:37,759 - INFO -   seg  16 | w=17.2918 | u_mean=-1.167 u_std=0.639 v_std=0.035 r_std=0.0005
2026-05-16 06:44:37,759 - INFO -   seg  17 | w=0.2835 | u_mean=-0.379 u_std=0.076 v_std=0.005 r_std=0.0002
2026-05-16 06:44:37,759 - INFO -   seg  18 | w=0.0918 | u_mean=-0.206 u_std=0.034 v_std=0.004 r_std=0.0002
2026-05-16 06:44:37,759 - INFO -   seg  19 | w=0.0640 | u_mean=-0.111 u_std=0.023 v_std=0.004 r_std=0.0002
2026-05-16 06:44:37,759 - INFO -   seg  20 | w=0.0537 | u_mean=-0.045 u_std=0.016 v_std=0.004 r_std=0.0002
2026-05-16 06:44:37,759 - INFO -   seg  21 | w=0.0459 | u_mean=-0.000 u_std=0.009 v_std=0.005 r_std=0.0002
2026-05-16 06:44:37,759 - INFO -   seg  22 | w=0.0424 | u_mean=+0.014 u_std=0.001 v_std=0.003 r_std=0.0002
2026-05-16 06:44:37,759 - INFO -   seg  23 | w=0.0432 | u_mean=+0.002 u_std=0.005 v_std=0.005 r_std=0.0002
2026-05-16 06:44:37,759 - INFO -   seg  24 | w=0.0423 | u_mean=-0.005 u_std=0.001 v_std=0.006 r_std=0.0002
2026-05-16 06:44:37,759 - INFO -   seg  25 | w=11.5403 | u_mean=+1.430 u_std=0.522 v_std=0.047 r_std=0.0030
2026-05-16 06:44:37,759 - INFO -   seg  26 | w=0.0436 | u_mean=+1.867 u_std=0.005 v_std=0.104 r_std=0.0028
2026-05-16 06:44:37,759 - INFO -   seg  27 | w=0.0485 | u_mean=+1.842 u_std=0.012 v_std=0.133 r_std=0.0042
2026-05-16 06:44:37,759 - INFO -   seg  28 | w=0.0548 | u_mean=+1.804 u_std=0.017 v_std=0.153 r_std=0.0056
2026-05-16 06:44:37,759 - INFO -   seg  29 | w=0.0637 | u_mean=+1.755 u_std=0.022 v_std=0.167 r_std=0.0069
2026-05-16 06:44:37,759 - INFO -   seg  30 | w=0.0751 | u_mean=+1.697 u_std=0.027 v_std=0.176 r_std=0.0082
2026-05-16 06:44:37,759 - INFO -   seg  31 | w=0.0888 | u_mean=+1.629 u_std=0.033 v_std=0.181 r_std=0.0094
2026-05-16 06:44:37,759 - INFO -   seg  32 | w=1.4457 | u_mean=+2.182 u_std=0.182 v_std=0.124 r_std=0.0029
2026-05-16 06:44:37,759 - INFO -   seg  33 | w=0.0473 | u_mean=+2.281 u_std=0.011 v_std=0.124 r_std=0.0039
2026-05-16 06:44:37,759 - INFO -   seg  34 | w=0.0562 | u_mean=+2.241 u_std=0.018 v_std=0.173 r_std=0.0063
2026-05-16 06:44:37,759 - INFO -   seg  35 | w=0.0667 | u_mean=+2.183 u_std=0.023 v_std=0.204 r_std=0.0084
2026-05-16 06:44:37,759 - INFO -   seg  36 | w=0.0847 | u_mean=+2.114 u_std=0.031 v_std=0.216 r_std=0.0104
2026-05-16 06:44:37,759 - INFO -   seg  37 | w=0.1097 | u_mean=+2.031 u_std=0.039 v_std=0.221 r_std=0.0123
2026-05-16 06:44:37,759 - INFO -   seg  38 | w=0.1423 | u_mean=+1.936 u_std=0.048 v_std=0.220 r_std=0.0142
2026-05-16 06:44:37,759 - INFO -   seg  39 | w=1.3044 | u_mean=+2.548 u_std=0.173 v_std=0.156 r_std=0.0042
2026-05-16 06:44:37,759 - INFO -   seg  40 | w=0.0486 | u_mean=+2.623 u_std=0.012 v_std=0.178 r_std=0.0054
2026-05-16 06:44:37,759 - INFO -   seg  41 | w=0.0604 | u_mean=+2.572 u_std=0.020 v_std=0.214 r_std=0.0080
2026-05-16 06:44:37,759 - INFO -   seg  42 | w=0.0809 | u_mean=+2.497 u_std=0.029 v_std=0.237 r_std=0.0108
2026-05-16 06:44:37,759 - INFO -   seg  43 | w=0.1109 | u_mean=+2.418 u_std=0.039 v_std=0.244 r_std=0.0132
2026-05-16 06:44:37,759 - INFO -   seg  44 | w=0.1541 | u_mean=+2.302 u_std=0.050 v_std=0.246 r_std=0.0162
2026-05-16 06:44:37,759 - INFO -   seg  45 | w=0.1987 | u_mean=+2.193 u_std=0.059 v_std=0.240 r_std=0.0183
2026-05-16 06:44:37,759 - INFO -   seg  46 | w=1.8739 | u_mean=+2.842 u_std=0.208 v_std=0.182 r_std=0.0055
2026-05-16 06:44:37,759 - INFO -   seg  47 | w=0.0508 | u_mean=+2.927 u_std=0.013 v_std=0.195 r_std=0.0062
2026-05-16 06:44:37,759 - INFO -   seg  48 | w=0.0892 | u_mean=+2.876 u_std=0.033 v_std=0.220 r_std=0.0091
2026-05-16 06:44:37,760 - INFO -   seg  49 | w=0.1250 | u_mean=+2.794 u_std=0.043 v_std=0.248 r_std=0.0120
2026-05-16 06:44:37,760 - INFO -   seg  50 | w=0.2180 | u_mean=+2.702 u_std=0.064 v_std=0.252 r_std=0.0150
2026-05-16 06:44:37,760 - INFO -   seg  51 | w=0.2977 | u_mean=+2.584 u_std=0.077 v_std=0.255 r_std=0.0179
2026-05-16 06:44:37,760 - INFO -   seg  52 | w=0.4367 | u_mean=+2.453 u_std=0.095 v_std=0.247 r_std=0.0207
2026-05-16 06:44:37,760 - INFO -   seg  53 | w=1.4282 | u_mean=+3.150 u_std=0.181 v_std=0.151 r_std=0.0035
2026-05-16 06:44:37,760 - INFO -   seg  54 | w=0.0590 | u_mean=+3.208 u_std=0.019 v_std=0.194 r_std=0.0070
2026-05-16 06:44:37,760 - INFO -   seg  55 | w=0.1031 | u_mean=+3.147 u_std=0.037 v_std=0.232 r_std=0.0104
2026-05-16 06:44:37,760 - INFO -   seg  56 | w=0.1876 | u_mean=+3.063 u_std=0.058 v_std=0.252 r_std=0.0138
2026-05-16 06:44:37,760 - INFO -   seg  57 | w=0.3212 | u_mean=+2.959 u_std=0.080 v_std=0.260 r_std=0.0171
2026-05-16 06:44:37,760 - INFO -   seg  58 | w=0.5135 | u_mean=+2.833 u_std=0.105 v_std=0.258 r_std=0.0203
2026-05-16 06:44:37,760 - INFO -   seg  59 | w=0.7624 | u_mean=+2.688 u_std=0.129 v_std=0.247 r_std=0.0234
2026-05-16 06:44:37,760 - INFO -   seg  60 | w=1.1265 | u_mean=+3.421 u_std=0.160 v_std=0.163 r_std=0.0054
2026-05-16 06:44:37,760 - INFO -   seg  61 | w=0.0577 | u_mean=+3.454 u_std=0.018 v_std=0.237 r_std=0.0085
2026-05-16 06:44:37,760 - INFO -   seg  62 | w=0.1037 | u_mean=+3.391 u_std=0.037 v_std=0.256 r_std=0.0121
2026-05-16 06:44:37,760 - INFO -   seg  63 | w=0.1845 | u_mean=+3.297 u_std=0.057 v_std=0.279 r_std=0.0158
2026-05-16 06:44:37,760 - INFO -   seg  64 | w=0.3385 | u_mean=+3.182 u_std=0.083 v_std=0.283 r_std=0.0196
2026-05-16 06:44:37,760 - INFO -   seg  65 | w=0.5434 | u_mean=+3.043 u_std=0.108 v_std=0.280 r_std=0.0232
2026-05-16 06:44:37,760 - INFO -   seg  66 | w=0.8358 | u_mean=+2.883 u_std=0.136 v_std=0.267 r_std=0.0266
2026-05-16 06:44:37,760 - INFO -   seg  67 | w=1.5291 | u_mean=+3.644 u_std=0.187 v_std=0.220 r_std=0.0074
2026-05-16 06:44:37,760 - INFO -   seg  68 | w=0.0645 | u_mean=+3.690 u_std=0.022 v_std=0.254 r_std=0.0092
2026-05-16 06:44:37,760 - INFO -   seg  69 | w=0.1384 | u_mean=+3.613 u_std=0.047 v_std=0.280 r_std=0.0136
2026-05-16 06:44:37,760 - INFO -   seg  70 | w=0.2601 | u_mean=+3.505 u_std=0.071 v_std=0.297 r_std=0.0181
2026-05-16 06:44:37,760 - INFO -   seg  71 | w=0.4327 | u_mean=+3.372 u_std=0.095 v_std=0.299 r_std=0.0226
2026-05-16 06:44:37,760 - INFO -   seg  72 | w=0.5982 | u_mean=+3.217 u_std=0.113 v_std=0.291 r_std=0.0268
2026-05-16 06:44:37,760 - INFO -   seg  73 | w=0.7267 | u_mean=+3.033 u_std=0.125 v_std=0.278 r_std=0.0302
2026-05-16 06:44:37,760 - INFO -   seg  74 | w=2.3123 | u_mean=+3.845 u_std=0.232 v_std=0.247 r_std=0.0090
2026-05-16 06:44:37,760 - INFO -   seg  75 | w=0.0697 | u_mean=+3.912 u_std=0.024 v_std=0.262 r_std=0.0100
2026-05-16 06:44:37,760 - INFO -   seg  76 | w=0.1426 | u_mean=+3.823 u_std=0.048 v_std=0.300 r_std=0.0150
2026-05-16 06:44:37,760 - INFO -   seg  77 | w=0.2713 | u_mean=+3.702 u_std=0.072 v_std=0.318 r_std=0.0199
2026-05-16 06:44:37,760 - INFO -   seg  78 | w=0.4700 | u_mean=+3.554 u_std=0.099 v_std=0.318 r_std=0.0247
2026-05-16 06:44:37,760 - INFO -   seg  79 | w=0.7580 | u_mean=+3.378 u_std=0.128 v_std=0.306 r_std=0.0294
2026-05-16 06:44:37,760 - INFO -   seg  80 | w=1.1485 | u_mean=+3.179 u_std=0.160 v_std=0.282 r_std=0.0339
2026-05-16 06:44:37,760 - INFO -   seg  81 | w=1.3373 | u_mean=+4.098 u_std=0.175 v_std=0.203 r_std=0.0068
2026-05-16 06:44:37,760 - INFO -   seg  82 | w=0.0778 | u_mean=+4.123 u_std=0.028 v_std=0.264 r_std=0.0109
2026-05-16 06:44:37,760 - INFO -   seg  83 | w=0.1427 | u_mean=+4.021 u_std=0.047 v_std=0.320 r_std=0.0165
2026-05-16 06:44:37,760 - INFO -   seg  84 | w=0.2675 | u_mean=+3.887 u_std=0.071 v_std=0.337 r_std=0.0220
2026-05-16 06:44:37,760 - INFO -   seg  85 | w=0.4679 | u_mean=+3.723 u_std=0.098 v_std=0.333 r_std=0.0273
2026-05-16 06:44:37,760 - INFO -   seg  86 | w=0.7488 | u_mean=+3.532 u_std=0.127 v_std=0.315 r_std=0.0324
2026-05-16 06:44:37,760 - INFO -   seg  87 | w=1.1254 | u_mean=+3.313 u_std=0.158 v_std=0.287 r_std=0.0373
2026-05-16 06:44:37,760 - INFO -   seg  88 | w=1.1034 | u_mean=+3.187 u_std=0.158 v_std=0.267 r_std=0.0196
2026-05-16 06:44:37,760 - INFO -   seg  89 | w=0.8202 | u_mean=+3.272 u_std=0.135 v_std=0.265 r_std=0.0163
2026-05-16 06:44:37,760 - INFO -   seg  90 | w=0.0423 | u_mean=-0.000 u_std=0.000 v_std=0.008 r_std=0.0005
2026-05-16 06:44:37,760 - INFO -   seg  91 | w=0.0423 | u_mean=-0.000 u_std=0.000 v_std=0.004 r_std=0.0002
2026-05-16 06:44:37,760 - INFO -   seg  92 | w=0.0423 | u_mean=-0.000 u_std=0.000 v_std=0.004 r_std=0.0002
2026-05-16 06:44:37,760 - INFO -   seg  93 | w=0.0423 | u_mean=-0.000 u_std=0.000 v_std=0.004 r_std=0.0002
2026-05-16 06:44:37,760 - INFO -   seg  94 | w=0.0423 | u_mean=-0.000 u_std=0.000 v_std=0.004 r_std=0.0002
2026-05-16 06:44:37,760 - INFO -   seg  95 | w=0.0423 | u_mean=-0.000 u_std=0.000 v_std=0.004 r_std=0.0002
2026-05-16 06:44:37,760 - INFO -   seg  96 | w=0.0423 | u_mean=-0.001 u_std=0.000 v_std=0.004 r_std=0.0002
2026-05-16 06:44:37,760 - INFO -   seg  97 | w=0.0423 | u_mean=-0.001 u_std=0.000 v_std=0.004 r_std=0.0002
2026-05-16 06:44:37,760 - INFO -   seg  98 | w=0.0423 | u_mean=-0.001 u_std=0.000 v_std=0.004 r_std=0.0002
2026-05-16 06:44:37,760 - WARNING - [seg_resample] max w_seg (40.126) > 10× mean (1.255); consider lowering --seg_resample_alpha to avoid one-segment overfit.
2026-05-16 06:44:48,022 - INFO - [composite_v3a] cached v1 baseline val vel_err@K=18, n=8192, mean=0.02603
2026-05-16 06:44:48,024 - INFO - Epoch [022/60] pl=18 LR=9.94e-04 Ltot=0.0044 (vel=0.0028, acc=0.0008, lin=1.8332, stab=0.0000, bias=0.0011) | val_vel_mean=0.03745 @K=0.06921 u@K=0.06879 v@K=0.00769 slope=0.869 inst=1.555 deg%=94.32 cV3a=0.40299 spec=0.997 | 10.2s
2026-05-16 06:44:58,543 - INFO - Epoch [023/60] pl=18 LR=9.86e-04 Ltot=0.0039 (vel=0.0027, acc=0.0006, lin=1.8281, stab=0.0000, bias=0.0009) | val_vel_mean=0.03412 @K=0.06314 u@K=0.06255 v@K=0.00865 slope=0.882 inst=1.593 deg%=93.57 cV3a=0.38004 spec=0.998 | 10.5s
2026-05-16 06:45:09,691 - INFO - Epoch [024/60] pl=18 LR=9.76e-04 Ltot=0.0040 (vel=0.0026, acc=0.0006, lin=1.8284, stab=0.0000, bias=0.0010) | val_vel_mean=0.03105 @K=0.05797 u@K=0.05716 v@K=0.00963 slope=0.908 inst=1.668 deg%=64.03 cV3a=0.25934 spec=0.998 | 11.1s
2026-05-16 06:45:09,698 - INFO -   ↳ new best [composite_v3a]=0.259341 (vel_rmse_mean=0.0310477, inst=1.6682, slope=0.9084, deg%=64.03, epoch 24)
2026-05-16 06:45:09,699 - INFO - [Curriculum] pred_len -> 20; rebuilding dataloaders...
2026-05-16 06:45:09,746 - INFO - Dataset[TRAIN] koopman_train_merged.npz | segments=99 | samples=195921 | pred_len=20 | stride=1
2026-05-16 06:45:09,751 - INFO - Dataset[VAL] koopman_val.npz | segments=3 | samples=35937 | pred_len=20 | stride=1
2026-05-16 06:45:09,765 - INFO - [seg_resample] mode=u_var_r_var alpha=1.0 | n_segments=99 | w min=0.0423 max=40.1365 mean=1.2557 std=4.6565
2026-05-16 06:45:09,765 - INFO -   seg   0 | w=3.5093 | u_mean=+0.544 u_std=0.286 v_std=0.000 r_std=0.0000
2026-05-16 06:45:09,765 - INFO -   seg   1 | w=2.3936 | u_mean=+1.521 u_std=0.236 v_std=0.000 r_std=0.0000
2026-05-16 06:45:09,765 - INFO -   seg   2 | w=0.7822 | u_mean=+2.149 u_std=0.132 v_std=0.000 r_std=0.0000
2026-05-16 06:45:09,765 - INFO -   seg   3 | w=0.4475 | u_mean=+2.560 u_std=0.098 v_std=0.000 r_std=0.0000
2026-05-16 06:45:09,765 - INFO -   seg   4 | w=0.3286 | u_mean=+2.897 u_std=0.082 v_std=0.000 r_std=0.0000
2026-05-16 06:45:09,765 - INFO -   seg   5 | w=0.2642 | u_mean=+3.194 u_std=0.072 v_std=0.000 r_std=0.0000
2026-05-16 06:45:09,765 - INFO -   seg   6 | w=0.2222 | u_mean=+3.463 u_std=0.065 v_std=0.000 r_std=0.0000
2026-05-16 06:45:09,765 - INFO -   seg   7 | w=0.1925 | u_mean=+3.712 u_std=0.060 v_std=0.000 r_std=0.0000
2026-05-16 06:45:09,765 - INFO -   seg   8 | w=0.1705 | u_mean=+3.944 u_std=0.055 v_std=0.000 r_std=0.0000
2026-05-16 06:45:09,765 - INFO -   seg   9 | w=0.1536 | u_mean=+4.163 u_std=0.051 v_std=0.000 r_std=0.0000
2026-05-16 06:45:09,765 - INFO -   seg  10 | w=40.1365 | u_mean=+1.523 u_std=0.974 v_std=0.000 r_std=0.0000 HI
2026-05-16 06:45:09,765 - INFO -   seg  11 | w=14.4034 | u_mean=-0.831 u_std=0.583 v_std=0.000 r_std=0.0000
2026-05-16 06:45:09,765 - INFO -   seg  12 | w=1.4514 | u_mean=-2.105 u_std=0.183 v_std=0.000 r_std=0.0000
2026-05-16 06:45:09,765 - INFO -   seg  13 | w=0.4385 | u_mean=-2.570 u_std=0.097 v_std=0.000 r_std=0.0000
2026-05-16 06:45:09,765 - INFO -   seg  14 | w=0.3174 | u_mean=-2.905 u_std=0.081 v_std=0.000 r_std=0.0000
2026-05-16 06:45:09,765 - INFO -   seg  15 | w=0.2554 | u_mean=-3.200 u_std=0.071 v_std=0.000 r_std=0.0000
2026-05-16 06:45:09,765 - INFO -   seg  16 | w=17.2962 | u_mean=-1.167 u_std=0.639 v_std=0.035 r_std=0.0005
2026-05-16 06:45:09,765 - INFO -   seg  17 | w=0.2836 | u_mean=-0.379 u_std=0.076 v_std=0.005 r_std=0.0002
2026-05-16 06:45:09,765 - INFO -   seg  18 | w=0.0919 | u_mean=-0.206 u_std=0.034 v_std=0.004 r_std=0.0002
2026-05-16 06:45:09,765 - INFO -   seg  19 | w=0.0640 | u_mean=-0.111 u_std=0.023 v_std=0.004 r_std=0.0002
2026-05-16 06:45:09,765 - INFO -   seg  20 | w=0.0537 | u_mean=-0.045 u_std=0.016 v_std=0.004 r_std=0.0002
2026-05-16 06:45:09,765 - INFO -   seg  21 | w=0.0459 | u_mean=-0.000 u_std=0.009 v_std=0.005 r_std=0.0002
2026-05-16 06:45:09,765 - INFO -   seg  22 | w=0.0424 | u_mean=+0.014 u_std=0.001 v_std=0.003 r_std=0.0002
2026-05-16 06:45:09,765 - INFO -   seg  23 | w=0.0432 | u_mean=+0.002 u_std=0.005 v_std=0.005 r_std=0.0002
2026-05-16 06:45:09,765 - INFO -   seg  24 | w=0.0423 | u_mean=-0.005 u_std=0.001 v_std=0.006 r_std=0.0002
2026-05-16 06:45:09,765 - INFO -   seg  25 | w=11.5433 | u_mean=+1.430 u_std=0.522 v_std=0.047 r_std=0.0030
2026-05-16 06:45:09,765 - INFO -   seg  26 | w=0.0436 | u_mean=+1.867 u_std=0.005 v_std=0.104 r_std=0.0028
2026-05-16 06:45:09,766 - INFO -   seg  27 | w=0.0485 | u_mean=+1.842 u_std=0.012 v_std=0.133 r_std=0.0042
2026-05-16 06:45:09,766 - INFO -   seg  28 | w=0.0548 | u_mean=+1.804 u_std=0.017 v_std=0.153 r_std=0.0056
2026-05-16 06:45:09,766 - INFO -   seg  29 | w=0.0637 | u_mean=+1.755 u_std=0.022 v_std=0.167 r_std=0.0069
2026-05-16 06:45:09,766 - INFO -   seg  30 | w=0.0751 | u_mean=+1.697 u_std=0.027 v_std=0.176 r_std=0.0082
2026-05-16 06:45:09,766 - INFO -   seg  31 | w=0.0888 | u_mean=+1.629 u_std=0.033 v_std=0.181 r_std=0.0094
2026-05-16 06:45:09,766 - INFO -   seg  32 | w=1.4461 | u_mean=+2.182 u_std=0.182 v_std=0.124 r_std=0.0029
2026-05-16 06:45:09,766 - INFO -   seg  33 | w=0.0473 | u_mean=+2.281 u_std=0.011 v_std=0.124 r_std=0.0039
2026-05-16 06:45:09,766 - INFO -   seg  34 | w=0.0563 | u_mean=+2.241 u_std=0.018 v_std=0.173 r_std=0.0063
2026-05-16 06:45:09,766 - INFO -   seg  35 | w=0.0667 | u_mean=+2.183 u_std=0.023 v_std=0.204 r_std=0.0084
2026-05-16 06:45:09,766 - INFO -   seg  36 | w=0.0847 | u_mean=+2.114 u_std=0.031 v_std=0.216 r_std=0.0104
2026-05-16 06:45:09,766 - INFO -   seg  37 | w=0.1097 | u_mean=+2.031 u_std=0.039 v_std=0.221 r_std=0.0123
2026-05-16 06:45:09,766 - INFO -   seg  38 | w=0.1424 | u_mean=+1.936 u_std=0.048 v_std=0.220 r_std=0.0142
2026-05-16 06:45:09,766 - INFO -   seg  39 | w=1.3047 | u_mean=+2.548 u_std=0.173 v_std=0.156 r_std=0.0042
2026-05-16 06:45:09,766 - INFO -   seg  40 | w=0.0486 | u_mean=+2.623 u_std=0.012 v_std=0.178 r_std=0.0054
2026-05-16 06:45:09,766 - INFO -   seg  41 | w=0.0604 | u_mean=+2.572 u_std=0.020 v_std=0.214 r_std=0.0080
2026-05-16 06:45:09,766 - INFO -   seg  42 | w=0.0809 | u_mean=+2.497 u_std=0.029 v_std=0.237 r_std=0.0108
2026-05-16 06:45:09,766 - INFO -   seg  43 | w=0.1109 | u_mean=+2.418 u_std=0.039 v_std=0.244 r_std=0.0132
2026-05-16 06:45:09,766 - INFO -   seg  44 | w=0.1541 | u_mean=+2.302 u_std=0.050 v_std=0.246 r_std=0.0162
2026-05-16 06:45:09,766 - INFO -   seg  45 | w=0.1987 | u_mean=+2.193 u_std=0.059 v_std=0.240 r_std=0.0183
2026-05-16 06:45:09,766 - INFO -   seg  46 | w=1.8744 | u_mean=+2.842 u_std=0.208 v_std=0.182 r_std=0.0055
2026-05-16 06:45:09,766 - INFO -   seg  47 | w=0.0508 | u_mean=+2.927 u_std=0.013 v_std=0.195 r_std=0.0062
2026-05-16 06:45:09,766 - INFO -   seg  48 | w=0.0892 | u_mean=+2.876 u_std=0.033 v_std=0.220 r_std=0.0091
2026-05-16 06:45:09,766 - INFO -   seg  49 | w=0.1250 | u_mean=+2.794 u_std=0.043 v_std=0.248 r_std=0.0120
2026-05-16 06:45:09,766 - INFO -   seg  50 | w=0.2180 | u_mean=+2.702 u_std=0.064 v_std=0.252 r_std=0.0150
2026-05-16 06:45:09,766 - INFO -   seg  51 | w=0.2978 | u_mean=+2.584 u_std=0.077 v_std=0.255 r_std=0.0179
2026-05-16 06:45:09,766 - INFO -   seg  52 | w=0.4369 | u_mean=+2.453 u_std=0.095 v_std=0.247 r_std=0.0207
2026-05-16 06:45:09,766 - INFO -   seg  53 | w=1.4285 | u_mean=+3.150 u_std=0.181 v_std=0.151 r_std=0.0035
2026-05-16 06:45:09,766 - INFO -   seg  54 | w=0.0590 | u_mean=+3.208 u_std=0.019 v_std=0.194 r_std=0.0070
2026-05-16 06:45:09,766 - INFO -   seg  55 | w=0.1031 | u_mean=+3.147 u_std=0.037 v_std=0.232 r_std=0.0104
2026-05-16 06:45:09,766 - INFO -   seg  56 | w=0.1877 | u_mean=+3.063 u_std=0.058 v_std=0.252 r_std=0.0138
2026-05-16 06:45:09,766 - INFO -   seg  57 | w=0.3212 | u_mean=+2.959 u_std=0.080 v_std=0.260 r_std=0.0171
2026-05-16 06:45:09,766 - INFO -   seg  58 | w=0.5137 | u_mean=+2.833 u_std=0.105 v_std=0.258 r_std=0.0203
2026-05-16 06:45:09,766 - INFO -   seg  59 | w=0.7626 | u_mean=+2.688 u_std=0.129 v_std=0.247 r_std=0.0234
2026-05-16 06:45:09,766 - INFO -   seg  60 | w=1.1268 | u_mean=+3.421 u_std=0.160 v_std=0.163 r_std=0.0054
2026-05-16 06:45:09,766 - INFO -   seg  61 | w=0.0577 | u_mean=+3.454 u_std=0.018 v_std=0.237 r_std=0.0085
2026-05-16 06:45:09,766 - INFO -   seg  62 | w=0.1037 | u_mean=+3.391 u_std=0.037 v_std=0.256 r_std=0.0121
2026-05-16 06:45:09,766 - INFO -   seg  63 | w=0.1846 | u_mean=+3.297 u_std=0.057 v_std=0.279 r_std=0.0158
2026-05-16 06:45:09,766 - INFO -   seg  64 | w=0.3386 | u_mean=+3.182 u_std=0.083 v_std=0.283 r_std=0.0196
2026-05-16 06:45:09,766 - INFO -   seg  65 | w=0.5435 | u_mean=+3.043 u_std=0.108 v_std=0.280 r_std=0.0232
2026-05-16 06:45:09,766 - INFO -   seg  66 | w=0.8360 | u_mean=+2.883 u_std=0.136 v_std=0.267 r_std=0.0266
2026-05-16 06:45:09,766 - INFO -   seg  67 | w=1.5295 | u_mean=+3.644 u_std=0.187 v_std=0.220 r_std=0.0074
2026-05-16 06:45:09,766 - INFO -   seg  68 | w=0.0645 | u_mean=+3.690 u_std=0.022 v_std=0.254 r_std=0.0092
2026-05-16 06:45:09,766 - INFO -   seg  69 | w=0.1385 | u_mean=+3.613 u_std=0.047 v_std=0.280 r_std=0.0136
2026-05-16 06:45:09,766 - INFO -   seg  70 | w=0.2602 | u_mean=+3.505 u_std=0.071 v_std=0.297 r_std=0.0181
2026-05-16 06:45:09,766 - INFO -   seg  71 | w=0.4328 | u_mean=+3.372 u_std=0.095 v_std=0.299 r_std=0.0226
2026-05-16 06:45:09,766 - INFO -   seg  72 | w=0.5983 | u_mean=+3.217 u_std=0.113 v_std=0.291 r_std=0.0268
2026-05-16 06:45:09,766 - INFO -   seg  73 | w=0.7269 | u_mean=+3.033 u_std=0.125 v_std=0.278 r_std=0.0302
2026-05-16 06:45:09,766 - INFO -   seg  74 | w=2.3129 | u_mean=+3.845 u_std=0.232 v_std=0.247 r_std=0.0090
2026-05-16 06:45:09,766 - INFO -   seg  75 | w=0.0697 | u_mean=+3.912 u_std=0.024 v_std=0.262 r_std=0.0100
2026-05-16 06:45:09,766 - INFO -   seg  76 | w=0.1427 | u_mean=+3.823 u_std=0.048 v_std=0.300 r_std=0.0150
2026-05-16 06:45:09,766 - INFO -   seg  77 | w=0.2713 | u_mean=+3.702 u_std=0.072 v_std=0.318 r_std=0.0199
2026-05-16 06:45:09,766 - INFO -   seg  78 | w=0.4701 | u_mean=+3.554 u_std=0.099 v_std=0.318 r_std=0.0247
2026-05-16 06:45:09,766 - INFO -   seg  79 | w=0.7582 | u_mean=+3.378 u_std=0.128 v_std=0.306 r_std=0.0294
2026-05-16 06:45:09,766 - INFO -   seg  80 | w=1.1488 | u_mean=+3.179 u_std=0.160 v_std=0.282 r_std=0.0339
2026-05-16 06:45:09,766 - INFO -   seg  81 | w=1.3376 | u_mean=+4.098 u_std=0.175 v_std=0.203 r_std=0.0068
2026-05-16 06:45:09,766 - INFO -   seg  82 | w=0.0778 | u_mean=+4.123 u_std=0.028 v_std=0.264 r_std=0.0109
2026-05-16 06:45:09,766 - INFO -   seg  83 | w=0.1427 | u_mean=+4.021 u_std=0.047 v_std=0.320 r_std=0.0165
2026-05-16 06:45:09,766 - INFO -   seg  84 | w=0.2675 | u_mean=+3.887 u_std=0.071 v_std=0.337 r_std=0.0220
2026-05-16 06:45:09,766 - INFO -   seg  85 | w=0.4681 | u_mean=+3.723 u_std=0.098 v_std=0.333 r_std=0.0273
2026-05-16 06:45:09,766 - INFO -   seg  86 | w=0.7490 | u_mean=+3.532 u_std=0.127 v_std=0.315 r_std=0.0324
2026-05-16 06:45:09,766 - INFO -   seg  87 | w=1.1257 | u_mean=+3.313 u_std=0.158 v_std=0.287 r_std=0.0373
2026-05-16 06:45:09,766 - INFO -   seg  88 | w=1.1037 | u_mean=+3.187 u_std=0.158 v_std=0.267 r_std=0.0196
2026-05-16 06:45:09,766 - INFO -   seg  89 | w=0.8204 | u_mean=+3.272 u_std=0.135 v_std=0.265 r_std=0.0163
2026-05-16 06:45:09,766 - INFO -   seg  90 | w=0.0423 | u_mean=-0.000 u_std=0.000 v_std=0.008 r_std=0.0005
2026-05-16 06:45:09,766 - INFO -   seg  91 | w=0.0423 | u_mean=-0.000 u_std=0.000 v_std=0.004 r_std=0.0002
2026-05-16 06:45:09,766 - INFO -   seg  92 | w=0.0423 | u_mean=-0.000 u_std=0.000 v_std=0.004 r_std=0.0002
2026-05-16 06:45:09,766 - INFO -   seg  93 | w=0.0423 | u_mean=-0.000 u_std=0.000 v_std=0.004 r_std=0.0002
2026-05-16 06:45:09,766 - INFO -   seg  94 | w=0.0423 | u_mean=-0.000 u_std=0.000 v_std=0.004 r_std=0.0002
2026-05-16 06:45:09,767 - INFO -   seg  95 | w=0.0423 | u_mean=-0.000 u_std=0.000 v_std=0.004 r_std=0.0002
2026-05-16 06:45:09,767 - INFO -   seg  96 | w=0.0423 | u_mean=-0.001 u_std=0.000 v_std=0.004 r_std=0.0002
2026-05-16 06:45:09,767 - INFO -   seg  97 | w=0.0423 | u_mean=-0.001 u_std=0.000 v_std=0.004 r_std=0.0002
2026-05-16 06:45:09,767 - INFO -   seg  98 | w=0.0423 | u_mean=-0.001 u_std=0.000 v_std=0.004 r_std=0.0002
2026-05-16 06:45:09,767 - WARNING - [seg_resample] max w_seg (40.136) > 10× mean (1.256); consider lowering --seg_resample_alpha to avoid one-segment overfit.
2026-05-16 06:45:21,000 - INFO - [composite_v3a] cached v1 baseline val vel_err@K=20, n=8192, mean=0.02870
2026-05-16 06:45:21,003 - INFO - Epoch [025/60] pl=20 LR=9.62e-04 Ltot=0.0043 (vel=0.0028, acc=0.0006, lin=1.8301, stab=0.0000, bias=0.0012) | val_vel_mean=0.03170 @K=0.06003 u@K=0.05884 v@K=0.01187 slope=0.937 inst=1.862 deg%=62.02 cV3a=0.29742 spec=0.998 | 11.2s
2026-05-16 06:45:31,783 - INFO - Epoch [026/60] pl=20 LR=9.46e-04 Ltot=0.0041 (vel=0.0028, acc=0.0006, lin=1.8278, stab=0.0000, bias=0.0009) | val_vel_mean=0.03008 @K=0.05744 u@K=0.05608 v@K=0.01240 slope=0.969 inst=1.991 deg%=61.55 cV3a=0.31176 spec=0.998 | 10.8s
2026-05-16 06:45:43,491 - INFO - Epoch [027/60] pl=20 LR=9.26e-04 Ltot=0.0040 (vel=0.0028, acc=0.0006, lin=1.8283, stab=0.0000, bias=0.0009) | val_vel_mean=0.02870 @K=0.05485 u@K=0.05337 v@K=0.01269 slope=0.983 inst=2.059 deg%=61.51 cV3a=0.31265 spec=0.998 | 11.7s
2026-05-16 06:45:54,877 - INFO - Epoch [028/60] pl=20 LR=9.05e-04 Ltot=0.0043 (vel=0.0027, acc=0.0006, lin=1.8444, stab=0.0000, bias=0.0011) | val_vel_mean=0.02853 @K=0.05458 u@K=0.05296 v@K=0.01320 slope=0.994 inst=2.114 deg%=61.56 cV3a=0.32352 spec=0.999 | 11.4s
2026-05-16 06:46:05,464 - INFO - Epoch [029/60] pl=20 LR=8.80e-04 Ltot=0.0039 (vel=0.0027, acc=0.0005, lin=1.8488, stab=0.0000, bias=0.0009) | val_vel_mean=0.02749 @K=0.05282 u@K=0.05108 v@K=0.01346 slope=1.010 inst=2.195 deg%=59.75 cV3a=0.32053 spec=0.998 | 10.6s
2026-05-16 06:46:16,560 - INFO - Epoch [030/60] pl=20 LR=8.54e-04 Ltot=0.0037 (vel=0.0026, acc=0.0005, lin=1.8419, stab=0.0000, bias=0.0007) | val_vel_mean=0.02704 @K=0.05239 u@K=0.05062 v@K=0.01352 slope=1.038 inst=2.331 deg%=55.46 cV3a=0.32152 spec=0.998 | 11.1s
2026-05-16 06:46:27,634 - INFO - Epoch [031/60] pl=20 LR=8.25e-04 Ltot=0.0037 (vel=0.0026, acc=0.0005, lin=1.8563, stab=0.0000, bias=0.0008) | val_vel_mean=0.02680 @K=0.05246 u@K=0.05069 v@K=0.01352 slope=1.062 inst=2.455 deg%=48.97 cV3a=0.30593 spec=0.998 | 11.1s
2026-05-16 06:46:38,164 - INFO - Epoch [032/60] pl=20 LR=7.94e-04 Ltot=0.0039 (vel=0.0026, acc=0.0005, lin=1.8655, stab=0.0000, bias=0.0009) | val_vel_mean=0.02633 @K=0.05210 u@K=0.05026 v@K=0.01373 slope=1.085 inst=2.582 deg%=49.06 cV3a=0.32463 spec=0.998 | 10.5s
2026-05-16 06:46:48,986 - INFO - Epoch [033/60] pl=20 LR=7.61e-04 Ltot=0.0037 (vel=0.0026, acc=0.0005, lin=1.8745, stab=0.0000, bias=0.0008) | val_vel_mean=0.02597 @K=0.05174 u@K=0.04989 v@K=0.01371 slope=1.092 inst=2.616 deg%=49.12 cV3a=0.32727 spec=0.998 | 10.8s
2026-05-16 06:46:59,764 - INFO - Epoch [034/60] pl=20 LR=7.27e-04 Ltot=0.0035 (vel=0.0026, acc=0.0005, lin=1.8659, stab=0.0000, bias=0.0006) | val_vel_mean=0.02533 @K=0.05064 u@K=0.04871 v@K=0.01382 slope=1.108 inst=2.704 deg%=49.02 cV3a=0.33475 spec=0.998 | 10.8s
2026-05-16 06:47:10,368 - INFO - Epoch [035/60] pl=20 LR=6.91e-04 Ltot=0.0038 (vel=0.0026, acc=0.0005, lin=1.8821, stab=0.0000, bias=0.0009) | val_vel_mean=0.02502 @K=0.05018 u@K=0.04827 v@K=0.01371 slope=1.115 inst=2.750 deg%=49.06 cV3a=0.33919 spec=0.998 | 10.6s
2026-05-16 06:47:21,361 - INFO - Epoch [036/60] pl=20 LR=6.55e-04 Ltot=0.0034 (vel=0.0025, acc=0.0005, lin=1.8723, stab=0.0000, bias=0.0006) | val_vel_mean=0.02452 @K=0.04914 u@K=0.04724 v@K=0.01352 slope=1.117 inst=2.745 deg%=49.08 cV3a=0.33239 spec=0.998 | 11.0s
2026-05-16 06:47:33,011 - INFO - Epoch [037/60] pl=20 LR=6.17e-04 Ltot=0.0032 (vel=0.0024, acc=0.0004, lin=1.8856, stab=0.0000, bias=0.0004) | val_vel_mean=0.02416 @K=0.04846 u@K=0.04657 v@K=0.01343 slope=1.118 inst=2.735 deg%=48.99 cV3a=0.32599 spec=0.998 | 11.6s
2026-05-16 06:47:44,086 - INFO - Epoch [038/60] pl=20 LR=5.78e-04 Ltot=0.0033 (vel=0.0025, acc=0.0005, lin=1.8778, stab=0.0000, bias=0.0005) | val_vel_mean=0.02381 @K=0.04762 u@K=0.04571 v@K=0.01334 slope=1.114 inst=2.706 deg%=48.90 cV3a=0.31619 spec=0.998 | 11.1s
2026-05-16 06:47:54,874 - INFO - Epoch [039/60] pl=20 LR=5.39e-04 Ltot=0.0032 (vel=0.0024, acc=0.0004, lin=1.8762, stab=0.0000, bias=0.0005) | val_vel_mean=0.02342 @K=0.04668 u@K=0.04475 v@K=0.01327 slope=1.106 inst=2.654 deg%=18.73 cV3a=0.12320 spec=0.998 | 10.8s
2026-05-16 06:47:54,879 - INFO -   ↳ new best [composite_v3a]=0.123199 (vel_rmse_mean=0.0234207, inst=2.654, slope=1.106, deg%=18.73, epoch 39)
2026-05-16 06:48:05,531 - INFO - Epoch [040/60] pl=20 LR=5.00e-04 Ltot=0.0030 (vel=0.0024, acc=0.0004, lin=1.8791, stab=0.0000, bias=0.0004) | val_vel_mean=0.02309 @K=0.04612 u@K=0.04415 v@K=0.01333 slope=1.115 inst=2.700 deg%=17.98 cV3a=0.12025 spec=0.998 | 10.6s
2026-05-16 06:48:05,536 - INFO -   ↳ new best [composite_v3a]=0.120249 (vel_rmse_mean=0.0230854, inst=2.7001, slope=1.115, deg%=17.98, epoch 40)
2026-05-16 06:48:16,410 - INFO - Epoch [041/60] pl=20 LR=4.61e-04 Ltot=0.0030 (vel=0.0024, acc=0.0004, lin=1.8793, stab=0.0000, bias=0.0004) | val_vel_mean=0.02262 @K=0.04534 u@K=0.04338 v@K=0.01319 slope=1.121 inst=2.736 deg%=17.47 cV3a=0.12024 spec=0.998 | 10.9s
2026-05-16 06:48:16,415 - INFO -   ↳ new best [composite_v3a]=0.120237 (vel_rmse_mean=0.0226176, inst=2.73643, slope=1.121, deg%=17.47, epoch 41)
2026-05-16 06:48:27,002 - INFO - Epoch [042/60] pl=20 LR=4.22e-04 Ltot=0.0030 (vel=0.0023, acc=0.0004, lin=1.8882, stab=0.0000, bias=0.0003) | val_vel_mean=0.02238 @K=0.04485 u@K=0.04290 v@K=0.01308 slope=1.121 inst=2.738 deg%=17.27 cV3a=0.11903 spec=0.998 | 10.6s
2026-05-16 06:48:27,008 - INFO -   ↳ new best [composite_v3a]=0.119029 (vel_rmse_mean=0.0223807, inst=2.73825, slope=1.121, deg%=17.27, epoch 42)
2026-05-16 06:48:37,918 - INFO - Epoch [043/60] pl=20 LR=3.83e-04 Ltot=0.0029 (vel=0.0023, acc=0.0003, lin=1.8819, stab=0.0000, bias=0.0003) | val_vel_mean=0.02213 @K=0.04435 u@K=0.04241 v@K=0.01301 slope=1.122 inst=2.749 deg%=16.87 cV3a=0.11826 spec=0.998 | 10.9s
2026-05-16 06:48:37,923 - INFO -   ↳ new best [composite_v3a]=0.118259 (vel_rmse_mean=0.0221262, inst=2.74879, slope=1.122, deg%=16.87, epoch 43)
2026-05-16 06:48:48,500 - INFO - Epoch [044/60] pl=20 LR=3.45e-04 Ltot=0.0029 (vel=0.0023, acc=0.0004, lin=1.8869, stab=0.0000, bias=0.0003) | val_vel_mean=0.02187 @K=0.04388 u@K=0.04197 v@K=0.01280 slope=1.127 inst=2.785 deg%=16.46 cV3a=0.11899 spec=0.998 | 10.6s
2026-05-16 06:48:58,772 - INFO - Epoch [045/60] pl=20 LR=3.09e-04 Ltot=0.0029 (vel=0.0023, acc=0.0003, lin=1.8821, stab=0.0000, bias=0.0003) | val_vel_mean=0.02167 @K=0.04351 u@K=0.04161 v@K=0.01272 slope=1.132 inst=2.821 deg%=16.38 cV3a=0.11998 spec=0.998 | 10.3s
2026-05-16 06:49:09,291 - INFO - Epoch [046/60] pl=20 LR=2.73e-04 Ltot=0.0027 (vel=0.0023, acc=0.0003, lin=1.8748, stab=0.0000, bias=0.0002) | val_vel_mean=0.02138 @K=0.04296 u@K=0.04111 v@K=0.01248 slope=1.132 inst=2.819 deg%=16.35 cV3a=0.11835 spec=0.998 | 10.5s
2026-05-16 06:49:20,011 - INFO - Epoch [047/60] pl=20 LR=2.39e-04 Ltot=0.0026 (vel=0.0023, acc=0.0003, lin=1.8855, stab=0.0000, bias=0.0002) | val_vel_mean=0.02115 @K=0.04246 u@K=0.04061 v@K=0.01240 slope=1.131 inst=2.816 deg%=16.25 cV3a=0.11684 spec=0.998 | 10.7s
2026-05-16 06:49:20,016 - INFO -   ↳ new best [composite_v3a]=0.116839 (vel_rmse_mean=0.0211516, inst=2.81617, slope=1.131, deg%=16.25, epoch 47)
2026-05-16 06:49:30,689 - INFO - Epoch [048/60] pl=20 LR=2.06e-04 Ltot=0.0026 (vel=0.0023, acc=0.0003, lin=1.8747, stab=0.0000, bias=0.0002) | val_vel_mean=0.02098 @K=0.04199 u@K=0.04018 v@K=0.01219 slope=1.122 inst=2.763 deg%=16.16 cV3a=0.11272 spec=0.998 | 10.7s
2026-05-16 06:49:30,694 - INFO -   ↳ new best [composite_v3a]=0.112723 (vel_rmse_mean=0.02098, inst=2.76334, slope=1.122, deg%=16.16, epoch 48)
2026-05-16 06:49:41,080 - INFO - Epoch [049/60] pl=20 LR=1.75e-04 Ltot=0.0026 (vel=0.0022, acc=0.0003, lin=1.8563, stab=0.0000, bias=0.0002) | val_vel_mean=0.02077 @K=0.04149 u@K=0.03973 v@K=0.01195 slope=1.116 inst=2.730 deg%=16.13 cV3a=0.10957 spec=0.998 | 10.4s
2026-05-16 06:49:41,085 - INFO -   ↳ new best [composite_v3a]=0.109571 (vel_rmse_mean=0.0207671, inst=2.72965, slope=1.116, deg%=16.13, epoch 49)
2026-05-16 06:49:51,723 - INFO - Epoch [050/60] pl=20 LR=1.46e-04 Ltot=0.0026 (vel=0.0022, acc=0.0003, lin=1.8588, stab=0.0000, bias=0.0001) | val_vel_mean=0.02061 @K=0.04107 u@K=0.03937 v@K=0.01171 slope=1.109 inst=2.692 deg%=16.08 cV3a=0.10645 spec=0.998 | 10.6s
2026-05-16 06:49:51,728 - INFO -   ↳ new best [composite_v3a]=0.106447 (vel_rmse_mean=0.0206085, inst=2.69171, slope=1.109, deg%=16.08, epoch 50)
2026-05-16 06:50:02,484 - INFO - Epoch [051/60] pl=20 LR=1.20e-04 Ltot=0.0025 (vel=0.0022, acc=0.0003, lin=1.8660, stab=0.0000, bias=0.0001) | val_vel_mean=0.02045 @K=0.04065 u@K=0.03899 v@K=0.01149 slope=1.102 inst=2.653 deg%=16.03 cV3a=0.10334 spec=0.998 | 10.8s
2026-05-16 06:50:02,489 - INFO -   ↳ new best [composite_v3a]=0.10334 (vel_rmse_mean=0.0204522, inst=2.6532, slope=1.102, deg%=16.03, epoch 51)
2026-05-16 06:50:12,950 - INFO - Epoch [052/60] pl=20 LR=9.55e-05 Ltot=0.0025 (vel=0.0022, acc=0.0003, lin=1.8658, stab=0.0000, bias=0.0001) | val_vel_mean=0.02031 @K=0.04024 u@K=0.03864 v@K=0.01122 slope=1.095 inst=2.617 deg%=15.94 cV3a=0.10049 spec=0.998 | 10.5s
2026-05-16 06:50:12,955 - INFO -   ↳ new best [composite_v3a]=0.100486 (vel_rmse_mean=0.0203148, inst=2.61666, slope=1.095, deg%=15.94, epoch 52)
2026-05-16 06:50:23,741 - INFO - Epoch [053/60] pl=20 LR=7.37e-05 Ltot=0.0025 (vel=0.0022, acc=0.0003, lin=1.8497, stab=0.0000, bias=0.0001) | val_vel_mean=0.01983 @K=0.03930 u@K=0.03775 v@K=0.01093 slope=1.099 inst=2.642 deg%=15.87 cV3a=0.09941 spec=0.998 | 10.8s
2026-05-16 06:50:23,745 - INFO -   ↳ new best [composite_v3a]=0.0994115 (vel_rmse_mean=0.0198291, inst=2.64152, slope=1.099, deg%=15.87, epoch 53)
2026-05-16 06:50:34,630 - INFO - Epoch [054/60] pl=20 LR=5.45e-05 Ltot=0.0024 (vel=0.0021, acc=0.0003, lin=1.8707, stab=0.0000, bias=0.0001) | val_vel_mean=0.01967 @K=0.03887 u@K=0.03737 v@K=0.01070 slope=1.095 inst=2.627 deg%=15.82 cV3a=0.09772 spec=0.998 | 10.9s
2026-05-16 06:50:34,636 - INFO -   ↳ new best [composite_v3a]=0.0977158 (vel_rmse_mean=0.0196713, inst=2.62707, slope=1.095, deg%=15.82, epoch 54)
2026-05-16 06:50:45,056 - INFO - Epoch [055/60] pl=20 LR=3.81e-05 Ltot=0.0024 (vel=0.0022, acc=0.0003, lin=1.8529, stab=0.0000, bias=0.0001) | val_vel_mean=0.01937 @K=0.03824 u@K=0.03677 v@K=0.01048 slope=1.097 inst=2.644 deg%=15.77 cV3a=0.09702 spec=0.998 | 10.4s
2026-05-16 06:50:45,061 - INFO -   ↳ new best [composite_v3a]=0.0970172 (vel_rmse_mean=0.0193675, inst=2.64352, slope=1.097, deg%=15.77, epoch 55)
2026-05-16 06:50:55,808 - INFO - Epoch [056/60] pl=20 LR=2.45e-05 Ltot=0.0024 (vel=0.0022, acc=0.0003, lin=1.8323, stab=0.0000, bias=0.0001) | val_vel_mean=0.01900 @K=0.03750 u@K=0.03608 v@K=0.01023 slope=1.098 inst=2.648 deg%=15.70 cV3a=0.09537 spec=0.999 | 10.7s
2026-05-16 06:50:55,813 - INFO -   ↳ new best [composite_v3a]=0.0953737 (vel_rmse_mean=0.0190038, inst=2.64788, slope=1.098, deg%=15.70, epoch 56)
2026-05-16 06:51:06,705 - INFO - Epoch [057/60] pl=20 LR=1.38e-05 Ltot=0.0024 (vel=0.0022, acc=0.0003, lin=1.8607, stab=0.0000, bias=0.0000) | val_vel_mean=0.01872 @K=0.03687 u@K=0.03550 v@K=0.00996 slope=1.099 inst=2.665 deg%=15.59 cV3a=0.09471 spec=0.999 | 10.9s
2026-05-16 06:51:06,710 - INFO -   ↳ new best [composite_v3a]=0.0947083 (vel_rmse_mean=0.018718, inst=2.66462, slope=1.099, deg%=15.59, epoch 57)
2026-05-16 06:51:17,339 - INFO - Epoch [058/60] pl=20 LR=6.16e-06 Ltot=0.0024 (vel=0.0021, acc=0.0003, lin=1.8495, stab=0.0000, bias=0.0000) | val_vel_mean=0.01842 @K=0.03620 u@K=0.03487 v@K=0.00974 slope=1.095 inst=2.642 deg%=15.58 cV3a=0.09203 spec=0.999 | 10.6s
2026-05-16 06:51:17,344 - INFO -   ↳ new best [composite_v3a]=0.0920346 (vel_rmse_mean=0.0184248, inst=2.64162, slope=1.095, deg%=15.58, epoch 58)
2026-05-16 06:51:27,913 - INFO - Epoch [059/60] pl=20 LR=1.54e-06 Ltot=0.0023 (vel=0.0021, acc=0.0003, lin=1.8531, stab=0.0000, bias=0.0000) | val_vel_mean=0.01820 @K=0.03563 u@K=0.03434 v@K=0.00951 slope=1.087 inst=2.594 deg%=15.55 cV3a=0.08850 spec=0.999 | 10.6s
2026-05-16 06:51:27,918 - INFO -   ↳ new best [composite_v3a]=0.0885045 (vel_rmse_mean=0.0182006, inst=2.59403, slope=1.087, deg%=15.55, epoch 59)
2026-05-16 06:51:39,032 - INFO - Epoch [060/60] pl=20 LR=1.00e-03 Ltot=0.0023 (vel=0.0021, acc=0.0003, lin=1.8580, stab=0.0000, bias=0.0000) | val_vel_mean=0.01799 @K=0.03510 u@K=0.03385 v@K=0.00930 slope=1.085 inst=2.581 deg%=15.54 cV3a=0.08677 spec=0.999 | 11.1s
2026-05-16 06:51:39,038 - INFO -   ↳ new best [composite_v3a]=0.0867715 (vel_rmse_mean=0.0179873, inst=2.58095, slope=1.085, deg%=15.54, epoch 60)
2026-05-16 06:51:39,068 - INFO - Exported YAML -> checkpoints/koopman_best.yaml
2026-05-16 06:51:44,779 - INFO - 
=== QUANTITATIVE VERDICT (test set) ===
vel_rmse@1=0.000524072  vel_rmse@5=0.00247031  vel_rmse@10=0.00471022  vel_rmse@20=0.00884919
divergence: ratio20/1=16.8854  slope_loglog=0.937891  lyapunov_like=0.148761
instability_score=1.93219  monotonic_increasing=True  divergent_sample_pct=98.6609%
bias: u=-0.000716251  v=+0.000140021  r=+2.18632e-05
fit_quality: R^2(u,v,r) = 0.9999 / 1 / 0.9997
========================================

2026-05-16 06:51:45,665 - INFO - 
### §7 12 条阈值逐条判定 (test set, K=20)

| # | 指标 | v3 实测 | 阈值 | 判定 |
|---|---|---|---|---|
| G1 | vel_rmse_step_K | 0.00884919 | ≤ 0.01285 | ✅ |
| G2 | u_rmse_step_K | 0.00832491 | ≤ 0.01185 | ✅ |
| G3 | |u_bias_mean| | 0.000716251 | ≤ 0.00153 | ✅ |
| G4 | slope_loglog | 0.937891 | ≤ 0.6695 | ❌ |
| G5 | instability_score | 1.93219 | ≤ 1.2363 | ❌ |
| S1 | per_segment.worst_vel_rmse_K | 0.014722 | ≤ 0.01569 | ✅ |
| S2 | per_segment.ratio_worst_over_best | 3.26103 | ≤ 2.78 | ❌ |
| S3 | per_segment.high_speed_seg_mean | 0.00593842 | ≤ 0.01144 | ✅ |
| S4 | degraded_pct (vs v1) | 11.9729 | ≤ 20 | ✅ |
| N1 | vel_rmse_step_1 | 0.000524072 | ≤ 0.0024 | ✅ |
| N2 | traj_xy_rmse_step_K | 0.0100279 | ≤ 0.02108 | ✅ |
| N3 | spectral_radius (I+A) | 0.998919 | ≤ 1.005 | ✅ |

**FAIL** — §7 v3 验收。

2026-05-16 06:51:45,665 - INFO - v3 auto-PASS = False
2026-05-16 06:51:45,665 - INFO - Per-5-epoch summary:
2026-05-16 06:51:45,665 - INFO - ep | lr | L_total | L_vel | L_acc | L_lin | val_vel_mean | val_vel@K | val_traj_xy@K | slope_ll | inst | spec
2026-05-16 06:51:45,665 - INFO -   001 | 9.94e-04 | pl=4 | L=0.0447 (v=0.0096 a=0.0429 bu=0.0133) | vK=1.15950 uK=1.13585 vK=0.23295 slope=0.983 inst=1.012 deg%=99.88 cV3a=6.27019 spec=1.008
2026-05-16 06:51:45,665 - INFO -   005 | 8.54e-04 | pl=6 | L=0.0029 (v=0.0021 a=0.0009 bu=0.0003) | vK=0.65572 uK=0.64119 vK=0.13738 slope=0.861 inst=1.031 deg%=99.30 cV3a=3.08695 spec=0.998
2026-05-16 06:51:45,665 - INFO -   010 | 5.00e-04 | pl=10 | L=0.0027 (v=0.0021 a=0.0006 bu=0.0003) | vK=0.28450 uK=0.28027 vK=0.04884 slope=0.699 inst=1.012 deg%=98.94 cV3a=1.05302 spec=0.998
2026-05-16 06:51:45,665 - INFO -   015 | 1.46e-04 | pl=12 | L=0.0024 (v=0.0020 a=0.0004 bu=0.0001) | vK=0.12572 uK=0.12516 vK=0.01185 slope=0.701 inst=1.069 deg%=97.31 cV3a=0.45590 spec=0.998
2026-05-16 06:51:45,665 - INFO -   020 | 1.00e-03 | pl=16 | L=0.0023 (v=0.0021 a=0.0003 bu=0.0000) | vK=0.07955 uK=0.07941 vK=0.00479 slope=0.831 inst=1.395 deg%=95.91 cV3a=0.40790 spec=0.998
2026-05-16 06:51:45,665 - INFO -   025 | 9.62e-04 | pl=20 | L=0.0043 (v=0.0028 a=0.0006 bu=0.0012) | vK=0.06003 uK=0.05884 vK=0.01187 slope=0.937 inst=1.862 deg%=62.02 cV3a=0.29742 spec=0.998
2026-05-16 06:51:45,665 - INFO -   030 | 8.54e-04 | pl=20 | L=0.0037 (v=0.0026 a=0.0005 bu=0.0007) | vK=0.05239 uK=0.05062 vK=0.01352 slope=1.038 inst=2.331 deg%=55.46 cV3a=0.32152 spec=0.998
2026-05-16 06:51:45,665 - INFO -   035 | 6.91e-04 | pl=20 | L=0.0038 (v=0.0026 a=0.0005 bu=0.0009) | vK=0.05018 uK=0.04827 vK=0.01371 slope=1.115 inst=2.750 deg%=49.06 cV3a=0.33919 spec=0.998
2026-05-16 06:51:45,665 - INFO -   040 | 5.00e-04 | pl=20 | L=0.0030 (v=0.0024 a=0.0004 bu=0.0004) | vK=0.04612 uK=0.04415 vK=0.01333 slope=1.115 inst=2.700 deg%=17.98 cV3a=0.12025 spec=0.998
2026-05-16 06:51:45,665 - INFO -   045 | 3.09e-04 | pl=20 | L=0.0029 (v=0.0023 a=0.0003 bu=0.0003) | vK=0.04351 uK=0.04161 vK=0.01272 slope=1.132 inst=2.821 deg%=16.38 cV3a=0.11998 spec=0.998
2026-05-16 06:51:45,665 - INFO -   050 | 1.46e-04 | pl=20 | L=0.0026 (v=0.0022 a=0.0003 bu=0.0001) | vK=0.04107 uK=0.03937 vK=0.01171 slope=1.109 inst=2.692 deg%=16.08 cV3a=0.10645 spec=0.998
2026-05-16 06:51:45,665 - INFO -   055 | 3.81e-05 | pl=20 | L=0.0024 (v=0.0022 a=0.0003 bu=0.0001) | vK=0.03824 uK=0.03677 vK=0.01048 slope=1.097 inst=2.644 deg%=15.77 cV3a=0.09702 spec=0.998
2026-05-16 06:51:45,665 - INFO -   060 | 1.00e-03 | pl=20 | L=0.0023 (v=0.0021 a=0.0003 bu=0.0000) | vK=0.03510 uK=0.03385 vK=0.00930 slope=1.085 inst=2.581 deg%=15.54 cV3a=0.08677 spec=0.999
