2026-05-16 06:53:32,930 - INFO - Dataset[TRAIN] koopman_train_merged.npz | segments=99 | samples=197505 | pred_len=4 | stride=1
2026-05-16 06:53:32,936 - INFO - Dataset[VAL] koopman_val.npz | segments=3 | samples=35985 | pred_len=4 | stride=1
2026-05-16 06:53:32,948 - INFO - [seg_resample] mode=u_var_r_var alpha=0.5 | n_segments=99 | w min=0.3050 max=9.3955 mean=1.0380 std=1.2978
2026-05-16 06:53:32,948 - INFO -   seg   0 | w=2.7782 | u_mean=+0.544 u_std=0.286 v_std=0.000 r_std=0.0000
2026-05-16 06:53:32,948 - INFO -   seg   1 | w=2.2945 | u_mean=+1.521 u_std=0.236 v_std=0.000 r_std=0.0000
2026-05-16 06:53:32,948 - INFO -   seg   2 | w=1.3116 | u_mean=+2.149 u_std=0.132 v_std=0.000 r_std=0.0000
2026-05-16 06:53:32,948 - INFO -   seg   3 | w=0.9920 | u_mean=+2.560 u_std=0.098 v_std=0.000 r_std=0.0000
2026-05-16 06:53:32,948 - INFO -   seg   4 | w=0.8502 | u_mean=+2.897 u_std=0.082 v_std=0.000 r_std=0.0000
2026-05-16 06:53:32,948 - INFO -   seg   5 | w=0.7623 | u_mean=+3.194 u_std=0.072 v_std=0.000 r_std=0.0000
2026-05-16 06:53:32,948 - INFO -   seg   6 | w=0.6991 | u_mean=+3.463 u_std=0.065 v_std=0.000 r_std=0.0000
2026-05-16 06:53:32,948 - INFO -   seg   7 | w=0.6508 | u_mean=+3.712 u_std=0.060 v_std=0.000 r_std=0.0000
2026-05-16 06:53:32,948 - INFO -   seg   8 | w=0.6124 | u_mean=+3.944 u_std=0.055 v_std=0.000 r_std=0.0000
2026-05-16 06:53:32,948 - INFO -   seg   9 | w=0.5812 | u_mean=+4.163 u_std=0.051 v_std=0.000 r_std=0.0000
2026-05-16 06:53:32,948 - INFO -   seg  10 | w=9.3955 | u_mean=+1.523 u_std=0.974 v_std=0.000 r_std=0.0000
2026-05-16 06:53:32,948 - INFO -   seg  11 | w=5.6284 | u_mean=-0.831 u_std=0.583 v_std=0.000 r_std=0.0000
2026-05-16 06:53:32,948 - INFO -   seg  12 | w=1.7867 | u_mean=-2.105 u_std=0.183 v_std=0.000 r_std=0.0000
2026-05-16 06:53:32,948 - INFO -   seg  13 | w=0.9821 | u_mean=-2.570 u_std=0.097 v_std=0.000 r_std=0.0000
2026-05-16 06:53:32,948 - INFO -   seg  14 | w=0.8355 | u_mean=-2.905 u_std=0.081 v_std=0.000 r_std=0.0000
2026-05-16 06:53:32,948 - INFO -   seg  15 | w=0.7495 | u_mean=-3.200 u_std=0.071 v_std=0.000 r_std=0.0000
2026-05-16 06:53:32,948 - INFO -   seg  16 | w=6.1678 | u_mean=-1.167 u_std=0.639 v_std=0.035 r_std=0.0005
2026-05-16 06:53:32,948 - INFO -   seg  17 | w=0.7898 | u_mean=-0.379 u_std=0.076 v_std=0.005 r_std=0.0002
2026-05-16 06:53:32,948 - INFO -   seg  18 | w=0.4495 | u_mean=-0.206 u_std=0.034 v_std=0.004 r_std=0.0002
2026-05-16 06:53:32,948 - INFO -   seg  19 | w=0.3752 | u_mean=-0.111 u_std=0.023 v_std=0.004 r_std=0.0002
2026-05-16 06:53:32,948 - INFO -   seg  20 | w=0.3436 | u_mean=-0.045 u_std=0.016 v_std=0.004 r_std=0.0002
2026-05-16 06:53:32,948 - INFO -   seg  21 | w=0.3177 | u_mean=-0.000 u_std=0.009 v_std=0.005 r_std=0.0002
2026-05-16 06:53:32,948 - INFO -   seg  22 | w=0.3052 | u_mean=+0.014 u_std=0.001 v_std=0.003 r_std=0.0002
2026-05-16 06:53:32,948 - INFO -   seg  23 | w=0.3083 | u_mean=+0.002 u_std=0.005 v_std=0.005 r_std=0.0002
2026-05-16 06:53:32,948 - INFO -   seg  24 | w=0.3051 | u_mean=-0.005 u_std=0.001 v_std=0.006 r_std=0.0002
2026-05-16 06:53:32,948 - INFO -   seg  25 | w=5.0387 | u_mean=+1.430 u_std=0.522 v_std=0.047 r_std=0.0030
2026-05-16 06:53:32,948 - INFO -   seg  26 | w=0.3098 | u_mean=+1.867 u_std=0.005 v_std=0.104 r_std=0.0028
2026-05-16 06:53:32,948 - INFO -   seg  27 | w=0.3265 | u_mean=+1.842 u_std=0.012 v_std=0.133 r_std=0.0042
2026-05-16 06:53:32,948 - INFO -   seg  28 | w=0.3472 | u_mean=+1.804 u_std=0.017 v_std=0.153 r_std=0.0056
2026-05-16 06:53:32,948 - INFO -   seg  29 | w=0.3742 | u_mean=+1.755 u_std=0.022 v_std=0.167 r_std=0.0069
2026-05-16 06:53:32,948 - INFO -   seg  30 | w=0.4065 | u_mean=+1.697 u_std=0.027 v_std=0.176 r_std=0.0082
2026-05-16 06:53:32,949 - INFO -   seg  31 | w=0.4420 | u_mean=+1.629 u_std=0.033 v_std=0.181 r_std=0.0094
2026-05-16 06:53:32,949 - INFO -   seg  32 | w=1.7834 | u_mean=+2.182 u_std=0.182 v_std=0.124 r_std=0.0029
2026-05-16 06:53:32,949 - INFO -   seg  33 | w=0.3227 | u_mean=+2.281 u_std=0.011 v_std=0.124 r_std=0.0039
2026-05-16 06:53:32,949 - INFO -   seg  34 | w=0.3517 | u_mean=+2.241 u_std=0.018 v_std=0.173 r_std=0.0063
2026-05-16 06:53:32,949 - INFO -   seg  35 | w=0.3831 | u_mean=+2.183 u_std=0.023 v_std=0.204 r_std=0.0084
2026-05-16 06:53:32,949 - INFO -   seg  36 | w=0.4317 | u_mean=+2.114 u_std=0.031 v_std=0.216 r_std=0.0104
2026-05-16 06:53:32,949 - INFO -   seg  37 | w=0.4913 | u_mean=+2.031 u_std=0.039 v_std=0.221 r_std=0.0123
2026-05-16 06:53:32,949 - INFO -   seg  38 | w=0.5596 | u_mean=+1.936 u_std=0.048 v_std=0.220 r_std=0.0142
2026-05-16 06:53:32,949 - INFO -   seg  39 | w=1.6940 | u_mean=+2.548 u_std=0.173 v_std=0.156 r_std=0.0042
2026-05-16 06:53:32,949 - INFO -   seg  40 | w=0.3271 | u_mean=+2.623 u_std=0.012 v_std=0.178 r_std=0.0054
2026-05-16 06:53:32,949 - INFO -   seg  41 | w=0.3644 | u_mean=+2.572 u_std=0.020 v_std=0.214 r_std=0.0080
2026-05-16 06:53:32,949 - INFO -   seg  42 | w=0.4219 | u_mean=+2.497 u_std=0.029 v_std=0.237 r_std=0.0108
2026-05-16 06:53:32,949 - INFO -   seg  43 | w=0.4939 | u_mean=+2.418 u_std=0.039 v_std=0.244 r_std=0.0132
2026-05-16 06:53:32,949 - INFO -   seg  44 | w=0.5822 | u_mean=+2.302 u_std=0.050 v_std=0.246 r_std=0.0162
2026-05-16 06:53:32,949 - INFO -   seg  45 | w=0.6611 | u_mean=+2.193 u_std=0.059 v_std=0.240 r_std=0.0183
2026-05-16 06:53:32,949 - INFO -   seg  46 | w=2.0304 | u_mean=+2.842 u_std=0.208 v_std=0.182 r_std=0.0055
2026-05-16 06:53:32,949 - INFO -   seg  47 | w=0.3342 | u_mean=+2.927 u_std=0.013 v_std=0.195 r_std=0.0062
2026-05-16 06:53:32,949 - INFO -   seg  48 | w=0.4430 | u_mean=+2.876 u_std=0.033 v_std=0.220 r_std=0.0091
2026-05-16 06:53:32,949 - INFO -   seg  49 | w=0.5243 | u_mean=+2.794 u_std=0.043 v_std=0.248 r_std=0.0120
2026-05-16 06:53:32,949 - INFO -   seg  50 | w=0.6925 | u_mean=+2.702 u_std=0.064 v_std=0.252 r_std=0.0150
2026-05-16 06:53:32,949 - INFO -   seg  51 | w=0.8093 | u_mean=+2.584 u_std=0.077 v_std=0.255 r_std=0.0179
2026-05-16 06:53:32,949 - INFO -   seg  52 | w=0.9802 | u_mean=+2.453 u_std=0.095 v_std=0.247 r_std=0.0207
2026-05-16 06:53:32,949 - INFO -   seg  53 | w=1.7726 | u_mean=+3.150 u_std=0.181 v_std=0.151 r_std=0.0035
2026-05-16 06:53:32,949 - INFO -   seg  54 | w=0.3603 | u_mean=+3.208 u_std=0.019 v_std=0.194 r_std=0.0070
2026-05-16 06:53:32,949 - INFO -   seg  55 | w=0.4762 | u_mean=+3.147 u_std=0.037 v_std=0.232 r_std=0.0104
2026-05-16 06:53:32,949 - INFO -   seg  56 | w=0.6424 | u_mean=+3.063 u_std=0.058 v_std=0.252 r_std=0.0138
2026-05-16 06:53:32,949 - INFO -   seg  57 | w=0.8406 | u_mean=+2.959 u_std=0.080 v_std=0.260 r_std=0.0171
2026-05-16 06:53:32,949 - INFO -   seg  58 | w=1.0629 | u_mean=+2.833 u_std=0.105 v_std=0.258 r_std=0.0203
2026-05-16 06:53:32,949 - INFO -   seg  59 | w=1.2951 | u_mean=+2.688 u_std=0.129 v_std=0.247 r_std=0.0234
2026-05-16 06:53:32,949 - INFO -   seg  60 | w=1.5743 | u_mean=+3.421 u_std=0.160 v_std=0.163 r_std=0.0054
2026-05-16 06:53:32,949 - INFO -   seg  61 | w=0.3563 | u_mean=+3.454 u_std=0.018 v_std=0.237 r_std=0.0085
2026-05-16 06:53:32,949 - INFO -   seg  62 | w=0.4776 | u_mean=+3.391 u_std=0.037 v_std=0.256 r_std=0.0121
2026-05-16 06:53:32,949 - INFO -   seg  63 | w=0.6372 | u_mean=+3.297 u_std=0.057 v_std=0.279 r_std=0.0158
2026-05-16 06:53:32,949 - INFO -   seg  64 | w=0.8630 | u_mean=+3.182 u_std=0.083 v_std=0.283 r_std=0.0196
2026-05-16 06:53:32,949 - INFO -   seg  65 | w=1.0934 | u_mean=+3.043 u_std=0.108 v_std=0.280 r_std=0.0232
2026-05-16 06:53:32,949 - INFO -   seg  66 | w=1.3560 | u_mean=+2.883 u_std=0.136 v_std=0.267 r_std=0.0266
2026-05-16 06:53:32,949 - INFO -   seg  67 | w=1.8341 | u_mean=+3.644 u_std=0.187 v_std=0.220 r_std=0.0074
2026-05-16 06:53:32,949 - INFO -   seg  68 | w=0.3766 | u_mean=+3.690 u_std=0.022 v_std=0.254 r_std=0.0092
2026-05-16 06:53:32,949 - INFO -   seg  69 | w=0.5519 | u_mean=+3.613 u_std=0.047 v_std=0.280 r_std=0.0136
2026-05-16 06:53:32,949 - INFO -   seg  70 | w=0.7565 | u_mean=+3.505 u_std=0.071 v_std=0.297 r_std=0.0181
2026-05-16 06:53:32,949 - INFO -   seg  71 | w=0.9756 | u_mean=+3.372 u_std=0.095 v_std=0.299 r_std=0.0226
2026-05-16 06:53:32,949 - INFO -   seg  72 | w=1.1472 | u_mean=+3.217 u_std=0.113 v_std=0.291 r_std=0.0268
2026-05-16 06:53:32,949 - INFO -   seg  73 | w=1.2644 | u_mean=+3.033 u_std=0.125 v_std=0.278 r_std=0.0302
2026-05-16 06:53:32,949 - INFO -   seg  74 | w=2.2554 | u_mean=+3.845 u_std=0.232 v_std=0.247 r_std=0.0090
2026-05-16 06:53:32,949 - INFO -   seg  75 | w=0.3916 | u_mean=+3.912 u_std=0.024 v_std=0.262 r_std=0.0100
2026-05-16 06:53:32,949 - INFO -   seg  76 | w=0.5601 | u_mean=+3.823 u_std=0.048 v_std=0.300 r_std=0.0150
2026-05-16 06:53:32,949 - INFO -   seg  77 | w=0.7725 | u_mean=+3.702 u_std=0.072 v_std=0.318 r_std=0.0199
2026-05-16 06:53:32,949 - INFO -   seg  78 | w=1.0168 | u_mean=+3.554 u_std=0.099 v_std=0.318 r_std=0.0247
2026-05-16 06:53:32,949 - INFO -   seg  79 | w=1.2914 | u_mean=+3.378 u_std=0.128 v_std=0.306 r_std=0.0294
2026-05-16 06:53:32,949 - INFO -   seg  80 | w=1.5895 | u_mean=+3.179 u_std=0.160 v_std=0.282 r_std=0.0339
2026-05-16 06:53:32,949 - INFO -   seg  81 | w=1.7152 | u_mean=+4.098 u_std=0.175 v_std=0.203 r_std=0.0068
2026-05-16 06:53:32,949 - INFO -   seg  82 | w=0.4137 | u_mean=+4.123 u_std=0.028 v_std=0.264 r_std=0.0109
2026-05-16 06:53:32,949 - INFO -   seg  83 | w=0.5603 | u_mean=+4.021 u_std=0.047 v_std=0.320 r_std=0.0165
2026-05-16 06:53:32,949 - INFO -   seg  84 | w=0.7671 | u_mean=+3.887 u_std=0.071 v_std=0.337 r_std=0.0220
2026-05-16 06:53:32,949 - INFO -   seg  85 | w=1.0146 | u_mean=+3.723 u_std=0.098 v_std=0.333 r_std=0.0273
2026-05-16 06:53:32,949 - INFO -   seg  86 | w=1.2835 | u_mean=+3.532 u_std=0.127 v_std=0.315 r_std=0.0324
2026-05-16 06:53:32,949 - INFO -   seg  87 | w=1.5735 | u_mean=+3.313 u_std=0.158 v_std=0.287 r_std=0.0373
2026-05-16 06:53:32,949 - INFO -   seg  88 | w=1.5580 | u_mean=+3.187 u_std=0.158 v_std=0.267 r_std=0.0196
2026-05-16 06:53:32,949 - INFO -   seg  89 | w=1.3433 | u_mean=+3.272 u_std=0.135 v_std=0.265 r_std=0.0163
2026-05-16 06:53:32,949 - INFO -   seg  90 | w=0.3050 | u_mean=-0.000 u_std=0.000 v_std=0.008 r_std=0.0005
2026-05-16 06:53:32,949 - INFO -   seg  91 | w=0.3050 | u_mean=-0.000 u_std=0.000 v_std=0.004 r_std=0.0002
2026-05-16 06:53:32,949 - INFO -   seg  92 | w=0.3050 | u_mean=-0.000 u_std=0.000 v_std=0.004 r_std=0.0002
2026-05-16 06:53:32,949 - INFO -   seg  93 | w=0.3050 | u_mean=-0.000 u_std=0.000 v_std=0.004 r_std=0.0002
2026-05-16 06:53:32,949 - INFO -   seg  94 | w=0.3050 | u_mean=-0.000 u_std=0.000 v_std=0.004 r_std=0.0002
2026-05-16 06:53:32,949 - INFO -   seg  95 | w=0.3050 | u_mean=-0.000 u_std=0.000 v_std=0.004 r_std=0.0002
2026-05-16 06:53:32,949 - INFO -   seg  96 | w=0.3050 | u_mean=-0.001 u_std=0.000 v_std=0.004 r_std=0.0002
2026-05-16 06:53:32,949 - INFO -   seg  97 | w=0.3050 | u_mean=-0.001 u_std=0.000 v_std=0.004 r_std=0.0002
2026-05-16 06:53:32,949 - INFO -   seg  98 | w=0.3050 | u_mean=-0.001 u_std=0.000 v_std=0.004 r_std=0.0002
2026-05-16 06:53:33,613 - INFO - ================================================================================
2026-05-16 06:53:33,613 - INFO - Device: cpu | AMP: False
2026-05-16 06:53:33,613 - INFO - Model: v3 | class=HorizontalKoopmanModelV3 | n_cubic=11 | latent_dim=43 | hidden_dim=24 | clamp_pif=30.0
2026-05-16 06:53:33,613 - INFO - Train data: koopman_train_merged.npz | Val: koopman_val.npz | Test: koopman_test.npz
2026-05-16 06:53:33,613 - INFO - Batch: 1024 | Workers: 4 | Seed: 42
2026-05-16 06:53:33,613 - INFO - Curriculum pred_len: start=4 max=20 grow_every=3 stride=1
2026-05-16 06:53:33,613 - INFO - Loss weights: w_vel=1.0 w_acc=0.5 w_lin=0.0 w_recon=0.0 w_stab=5.0 w_l2=0.0001 w_bias=1.0 (u=80.0, v=100.0, r=30.0) gamma_step=1.1 gamma_bias=1.1 huber_beta=0.1 rho_max=0.999
2026-05-16 06:53:33,613 - INFO - Noise: input_std=0.02 ctrl_std=0.005 | EMA decay=0.999 no_ema=False | best_metric=composite_v3a
2026-05-16 06:53:33,613 - INFO - [plan-A] w_bias_v effective=100.000 (plan-A recommends ~100, ratio=1.00×); w_bias_u=80.000 w_bias_r=30.000
2026-05-16 06:53:33,613 - INFO - [plan-A] seg_resample=u_var_r_var alpha=0.5 | best_metric=composite_v3a | baseline_ckpt=checkpoints/koopman_v1_best.pth
2026-05-16 06:53:33,613 - INFO - Train samples: 197505 | Val samples: 35985 | Params: 13224
2026-05-16 06:53:33,613 - INFO - Initial spectral radius (I+A): 1.06615
2026-05-16 06:53:33,613 - INFO - ================================================================================
2026-05-16 06:53:39,028 - INFO - [composite_v3a] cached v1 baseline val vel_err@K=4, n=8192, mean=0.00611
2026-05-16 06:53:39,033 - INFO - Epoch [001/60] pl=4 LR=9.94e-04 Ltot=0.0255 (vel=0.0071, acc=0.0305, lin=0.0740, stab=0.0003, bias=0.0029) | val_vel_mean=0.73104 @K=1.16046 u@K=1.13662 v@K=0.23381 slope=0.983 inst=1.012 deg%=99.87 cV3a=6.28124 spec=1.008 | 5.4s
2026-05-16 06:53:39,041 - INFO -   ↳ new best [composite_v3a]=6.28124 (vel_rmse_mean=0.731041, inst=1.01209, slope=0.9834, deg%=99.87, epoch 1)
2026-05-16 06:53:44,389 - INFO - Epoch [002/60] pl=4 LR=9.76e-04 Ltot=0.0030 (vel=0.0021, acc=0.0015, lin=0.1071, stab=0.0000, bias=0.0002) | val_vel_mean=0.59326 @K=0.93288 u@K=0.91376 v@K=0.18789 slope=0.963 inst=0.999 deg%=99.79 cV3a=4.91243 spec=0.999 | 5.3s
2026-05-16 06:53:44,394 - INFO -   ↳ new best [composite_v3a]=4.91243 (vel_rmse_mean=0.593264, inst=0.998662, slope=0.9635, deg%=99.79, epoch 2)
2026-05-16 06:53:48,664 - INFO - Epoch [003/60] pl=4 LR=9.46e-04 Ltot=0.0029 (vel=0.0021, acc=0.0014, lin=0.1851, stab=0.0000, bias=0.0001) | val_vel_mean=0.48134 @K=0.74869 u@K=0.73335 v@K=0.15072 slope=0.941 inst=0.984 deg%=99.69 cV3a=3.86998 spec=0.999 | 4.3s
2026-05-16 06:53:48,668 - INFO -   ↳ new best [composite_v3a]=3.86998 (vel_rmse_mean=0.48134, inst=0.983606, slope=0.9406, deg%=99.69, epoch 3)
2026-05-16 06:53:48,668 - INFO - [Curriculum] pred_len -> 6; rebuilding dataloaders...
2026-05-16 06:53:48,714 - INFO - Dataset[TRAIN] koopman_train_merged.npz | segments=99 | samples=197307 | pred_len=6 | stride=1
2026-05-16 06:53:48,719 - INFO - Dataset[VAL] koopman_val.npz | segments=3 | samples=35979 | pred_len=6 | stride=1
2026-05-16 06:53:48,731 - INFO - [seg_resample] mode=u_var_r_var alpha=0.5 | n_segments=99 | w min=0.3050 max=9.3959 mean=1.0381 std=1.2979
2026-05-16 06:53:48,731 - INFO -   seg   0 | w=2.7783 | u_mean=+0.544 u_std=0.286 v_std=0.000 r_std=0.0000
2026-05-16 06:53:48,731 - INFO -   seg   1 | w=2.2945 | u_mean=+1.521 u_std=0.236 v_std=0.000 r_std=0.0000
2026-05-16 06:53:48,731 - INFO -   seg   2 | w=1.3117 | u_mean=+2.149 u_std=0.132 v_std=0.000 r_std=0.0000
2026-05-16 06:53:48,731 - INFO -   seg   3 | w=0.9921 | u_mean=+2.560 u_std=0.098 v_std=0.000 r_std=0.0000
2026-05-16 06:53:48,731 - INFO -   seg   4 | w=0.8502 | u_mean=+2.897 u_std=0.082 v_std=0.000 r_std=0.0000
2026-05-16 06:53:48,731 - INFO -   seg   5 | w=0.7624 | u_mean=+3.194 u_std=0.072 v_std=0.000 r_std=0.0000
2026-05-16 06:53:48,731 - INFO -   seg   6 | w=0.6991 | u_mean=+3.463 u_std=0.065 v_std=0.000 r_std=0.0000
2026-05-16 06:53:48,731 - INFO -   seg   7 | w=0.6508 | u_mean=+3.712 u_std=0.060 v_std=0.000 r_std=0.0000
2026-05-16 06:53:48,731 - INFO -   seg   8 | w=0.6124 | u_mean=+3.944 u_std=0.055 v_std=0.000 r_std=0.0000
2026-05-16 06:53:48,731 - INFO -   seg   9 | w=0.5812 | u_mean=+4.163 u_std=0.051 v_std=0.000 r_std=0.0000
2026-05-16 06:53:48,731 - INFO -   seg  10 | w=9.3959 | u_mean=+1.523 u_std=0.974 v_std=0.000 r_std=0.0000
2026-05-16 06:53:48,731 - INFO -   seg  11 | w=5.6286 | u_mean=-0.831 u_std=0.583 v_std=0.000 r_std=0.0000
2026-05-16 06:53:48,731 - INFO -   seg  12 | w=1.7867 | u_mean=-2.105 u_std=0.183 v_std=0.000 r_std=0.0000
2026-05-16 06:53:48,731 - INFO -   seg  13 | w=0.9821 | u_mean=-2.570 u_std=0.097 v_std=0.000 r_std=0.0000
2026-05-16 06:53:48,731 - INFO -   seg  14 | w=0.8355 | u_mean=-2.905 u_std=0.081 v_std=0.000 r_std=0.0000
2026-05-16 06:53:48,731 - INFO -   seg  15 | w=0.7495 | u_mean=-3.200 u_std=0.071 v_std=0.000 r_std=0.0000
2026-05-16 06:53:48,731 - INFO -   seg  16 | w=6.1680 | u_mean=-1.167 u_std=0.639 v_std=0.035 r_std=0.0005
2026-05-16 06:53:48,732 - INFO -   seg  17 | w=0.7898 | u_mean=-0.379 u_std=0.076 v_std=0.005 r_std=0.0002
2026-05-16 06:53:48,732 - INFO -   seg  18 | w=0.4495 | u_mean=-0.206 u_std=0.034 v_std=0.004 r_std=0.0002
2026-05-16 06:53:48,732 - INFO -   seg  19 | w=0.3752 | u_mean=-0.111 u_std=0.023 v_std=0.004 r_std=0.0002
2026-05-16 06:53:48,732 - INFO -   seg  20 | w=0.3436 | u_mean=-0.045 u_std=0.016 v_std=0.004 r_std=0.0002
2026-05-16 06:53:48,732 - INFO -   seg  21 | w=0.3177 | u_mean=-0.000 u_std=0.009 v_std=0.005 r_std=0.0002
2026-05-16 06:53:48,732 - INFO -   seg  22 | w=0.3053 | u_mean=+0.014 u_std=0.001 v_std=0.003 r_std=0.0002
2026-05-16 06:53:48,732 - INFO -   seg  23 | w=0.3083 | u_mean=+0.002 u_std=0.005 v_std=0.005 r_std=0.0002
2026-05-16 06:53:48,732 - INFO -   seg  24 | w=0.3051 | u_mean=-0.005 u_std=0.001 v_std=0.006 r_std=0.0002
2026-05-16 06:53:48,732 - INFO -   seg  25 | w=5.0389 | u_mean=+1.430 u_std=0.522 v_std=0.047 r_std=0.0030
2026-05-16 06:53:48,732 - INFO -   seg  26 | w=0.3098 | u_mean=+1.867 u_std=0.005 v_std=0.104 r_std=0.0028
2026-05-16 06:53:48,732 - INFO -   seg  27 | w=0.3265 | u_mean=+1.842 u_std=0.012 v_std=0.133 r_std=0.0042
2026-05-16 06:53:48,732 - INFO -   seg  28 | w=0.3472 | u_mean=+1.804 u_std=0.017 v_std=0.153 r_std=0.0056
2026-05-16 06:53:48,732 - INFO -   seg  29 | w=0.3742 | u_mean=+1.755 u_std=0.022 v_std=0.167 r_std=0.0069
2026-05-16 06:53:48,732 - INFO -   seg  30 | w=0.4065 | u_mean=+1.697 u_std=0.027 v_std=0.176 r_std=0.0082
2026-05-16 06:53:48,732 - INFO -   seg  31 | w=0.4421 | u_mean=+1.629 u_std=0.033 v_std=0.181 r_std=0.0094
2026-05-16 06:53:48,732 - INFO -   seg  32 | w=1.7835 | u_mean=+2.182 u_std=0.182 v_std=0.124 r_std=0.0029
2026-05-16 06:53:48,732 - INFO -   seg  33 | w=0.3227 | u_mean=+2.281 u_std=0.011 v_std=0.124 r_std=0.0039
2026-05-16 06:53:48,732 - INFO -   seg  34 | w=0.3518 | u_mean=+2.241 u_std=0.018 v_std=0.173 r_std=0.0063
2026-05-16 06:53:48,732 - INFO -   seg  35 | w=0.3831 | u_mean=+2.183 u_std=0.023 v_std=0.204 r_std=0.0084
2026-05-16 06:53:48,732 - INFO -   seg  36 | w=0.4317 | u_mean=+2.114 u_std=0.031 v_std=0.216 r_std=0.0104
2026-05-16 06:53:48,732 - INFO -   seg  37 | w=0.4913 | u_mean=+2.031 u_std=0.039 v_std=0.221 r_std=0.0123
2026-05-16 06:53:48,732 - INFO -   seg  38 | w=0.5596 | u_mean=+1.936 u_std=0.048 v_std=0.220 r_std=0.0142
2026-05-16 06:53:48,732 - INFO -   seg  39 | w=1.6941 | u_mean=+2.548 u_std=0.173 v_std=0.156 r_std=0.0042
2026-05-16 06:53:48,732 - INFO -   seg  40 | w=0.3271 | u_mean=+2.623 u_std=0.012 v_std=0.178 r_std=0.0054
2026-05-16 06:53:48,732 - INFO -   seg  41 | w=0.3644 | u_mean=+2.572 u_std=0.020 v_std=0.214 r_std=0.0080
2026-05-16 06:53:48,732 - INFO -   seg  42 | w=0.4219 | u_mean=+2.497 u_std=0.029 v_std=0.237 r_std=0.0108
2026-05-16 06:53:48,732 - INFO -   seg  43 | w=0.4939 | u_mean=+2.418 u_std=0.039 v_std=0.244 r_std=0.0132
2026-05-16 06:53:48,732 - INFO -   seg  44 | w=0.5822 | u_mean=+2.302 u_std=0.050 v_std=0.246 r_std=0.0162
2026-05-16 06:53:48,732 - INFO -   seg  45 | w=0.6611 | u_mean=+2.193 u_std=0.059 v_std=0.240 r_std=0.0183
2026-05-16 06:53:48,732 - INFO -   seg  46 | w=2.0305 | u_mean=+2.842 u_std=0.208 v_std=0.182 r_std=0.0055
2026-05-16 06:53:48,732 - INFO -   seg  47 | w=0.3342 | u_mean=+2.927 u_std=0.013 v_std=0.195 r_std=0.0062
2026-05-16 06:53:48,732 - INFO -   seg  48 | w=0.4431 | u_mean=+2.876 u_std=0.033 v_std=0.220 r_std=0.0091
2026-05-16 06:53:48,732 - INFO -   seg  49 | w=0.5243 | u_mean=+2.794 u_std=0.043 v_std=0.248 r_std=0.0120
2026-05-16 06:53:48,732 - INFO -   seg  50 | w=0.6925 | u_mean=+2.702 u_std=0.064 v_std=0.252 r_std=0.0150
2026-05-16 06:53:48,732 - INFO -   seg  51 | w=0.8093 | u_mean=+2.584 u_std=0.077 v_std=0.255 r_std=0.0179
2026-05-16 06:53:48,732 - INFO -   seg  52 | w=0.9802 | u_mean=+2.453 u_std=0.095 v_std=0.247 r_std=0.0207
2026-05-16 06:53:48,732 - INFO -   seg  53 | w=1.7726 | u_mean=+3.150 u_std=0.181 v_std=0.151 r_std=0.0035
2026-05-16 06:53:48,732 - INFO -   seg  54 | w=0.3603 | u_mean=+3.208 u_std=0.019 v_std=0.194 r_std=0.0070
2026-05-16 06:53:48,732 - INFO -   seg  55 | w=0.4762 | u_mean=+3.147 u_std=0.037 v_std=0.232 r_std=0.0104
2026-05-16 06:53:48,732 - INFO -   seg  56 | w=0.6425 | u_mean=+3.063 u_std=0.058 v_std=0.252 r_std=0.0138
2026-05-16 06:53:48,732 - INFO -   seg  57 | w=0.8406 | u_mean=+2.959 u_std=0.080 v_std=0.260 r_std=0.0171
2026-05-16 06:53:48,732 - INFO -   seg  58 | w=1.0629 | u_mean=+2.833 u_std=0.105 v_std=0.258 r_std=0.0203
2026-05-16 06:53:48,732 - INFO -   seg  59 | w=1.2952 | u_mean=+2.688 u_std=0.129 v_std=0.247 r_std=0.0234
2026-05-16 06:53:48,732 - INFO -   seg  60 | w=1.5743 | u_mean=+3.421 u_std=0.160 v_std=0.163 r_std=0.0054
2026-05-16 06:53:48,732 - INFO -   seg  61 | w=0.3563 | u_mean=+3.454 u_std=0.018 v_std=0.237 r_std=0.0085
2026-05-16 06:53:48,732 - INFO -   seg  62 | w=0.4777 | u_mean=+3.391 u_std=0.037 v_std=0.256 r_std=0.0121
2026-05-16 06:53:48,732 - INFO -   seg  63 | w=0.6372 | u_mean=+3.297 u_std=0.057 v_std=0.279 r_std=0.0158
2026-05-16 06:53:48,732 - INFO -   seg  64 | w=0.8630 | u_mean=+3.182 u_std=0.083 v_std=0.283 r_std=0.0196
2026-05-16 06:53:48,732 - INFO -   seg  65 | w=1.0934 | u_mean=+3.043 u_std=0.108 v_std=0.280 r_std=0.0232
2026-05-16 06:53:48,732 - INFO -   seg  66 | w=1.3561 | u_mean=+2.883 u_std=0.136 v_std=0.267 r_std=0.0266
2026-05-16 06:53:48,732 - INFO -   seg  67 | w=1.8342 | u_mean=+3.644 u_std=0.187 v_std=0.220 r_std=0.0074
2026-05-16 06:53:48,732 - INFO -   seg  68 | w=0.3766 | u_mean=+3.690 u_std=0.022 v_std=0.254 r_std=0.0092
2026-05-16 06:53:48,732 - INFO -   seg  69 | w=0.5519 | u_mean=+3.613 u_std=0.047 v_std=0.280 r_std=0.0136
2026-05-16 06:53:48,732 - INFO -   seg  70 | w=0.7565 | u_mean=+3.505 u_std=0.071 v_std=0.297 r_std=0.0181
2026-05-16 06:53:48,732 - INFO -   seg  71 | w=0.9757 | u_mean=+3.372 u_std=0.095 v_std=0.299 r_std=0.0226
2026-05-16 06:53:48,732 - INFO -   seg  72 | w=1.1472 | u_mean=+3.217 u_std=0.113 v_std=0.291 r_std=0.0268
2026-05-16 06:53:48,732 - INFO -   seg  73 | w=1.2644 | u_mean=+3.033 u_std=0.125 v_std=0.278 r_std=0.0302
2026-05-16 06:53:48,732 - INFO -   seg  74 | w=2.2555 | u_mean=+3.845 u_std=0.232 v_std=0.247 r_std=0.0090
2026-05-16 06:53:48,732 - INFO -   seg  75 | w=0.3916 | u_mean=+3.912 u_std=0.024 v_std=0.262 r_std=0.0100
2026-05-16 06:53:48,732 - INFO -   seg  76 | w=0.5602 | u_mean=+3.823 u_std=0.048 v_std=0.300 r_std=0.0150
2026-05-16 06:53:48,732 - INFO -   seg  77 | w=0.7725 | u_mean=+3.702 u_std=0.072 v_std=0.318 r_std=0.0199
2026-05-16 06:53:48,732 - INFO -   seg  78 | w=1.0169 | u_mean=+3.554 u_std=0.099 v_std=0.318 r_std=0.0247
2026-05-16 06:53:48,732 - INFO -   seg  79 | w=1.2914 | u_mean=+3.378 u_std=0.128 v_std=0.306 r_std=0.0294
2026-05-16 06:53:48,732 - INFO -   seg  80 | w=1.5896 | u_mean=+3.179 u_std=0.160 v_std=0.282 r_std=0.0339
2026-05-16 06:53:48,732 - INFO -   seg  81 | w=1.7153 | u_mean=+4.098 u_std=0.175 v_std=0.203 r_std=0.0068
2026-05-16 06:53:48,732 - INFO -   seg  82 | w=0.4137 | u_mean=+4.123 u_std=0.028 v_std=0.264 r_std=0.0109
2026-05-16 06:53:48,732 - INFO -   seg  83 | w=0.5603 | u_mean=+4.021 u_std=0.047 v_std=0.320 r_std=0.0165
2026-05-16 06:53:48,732 - INFO -   seg  84 | w=0.7671 | u_mean=+3.887 u_std=0.071 v_std=0.337 r_std=0.0220
2026-05-16 06:53:48,733 - INFO -   seg  85 | w=1.0147 | u_mean=+3.723 u_std=0.098 v_std=0.333 r_std=0.0273
2026-05-16 06:53:48,733 - INFO -   seg  86 | w=1.2835 | u_mean=+3.532 u_std=0.127 v_std=0.315 r_std=0.0324
2026-05-16 06:53:48,733 - INFO -   seg  87 | w=1.5736 | u_mean=+3.313 u_std=0.158 v_std=0.287 r_std=0.0373
2026-05-16 06:53:48,733 - INFO -   seg  88 | w=1.5581 | u_mean=+3.187 u_std=0.158 v_std=0.267 r_std=0.0196
2026-05-16 06:53:48,733 - INFO -   seg  89 | w=1.3433 | u_mean=+3.272 u_std=0.135 v_std=0.265 r_std=0.0163
2026-05-16 06:53:48,733 - INFO -   seg  90 | w=0.3050 | u_mean=-0.000 u_std=0.000 v_std=0.008 r_std=0.0005
2026-05-16 06:53:48,733 - INFO -   seg  91 | w=0.3050 | u_mean=-0.000 u_std=0.000 v_std=0.004 r_std=0.0002
2026-05-16 06:53:48,733 - INFO -   seg  92 | w=0.3050 | u_mean=-0.000 u_std=0.000 v_std=0.004 r_std=0.0002
2026-05-16 06:53:48,733 - INFO -   seg  93 | w=0.3050 | u_mean=-0.000 u_std=0.000 v_std=0.004 r_std=0.0002
2026-05-16 06:53:48,733 - INFO -   seg  94 | w=0.3050 | u_mean=-0.000 u_std=0.000 v_std=0.004 r_std=0.0002
2026-05-16 06:53:48,733 - INFO -   seg  95 | w=0.3050 | u_mean=-0.000 u_std=0.000 v_std=0.004 r_std=0.0002
2026-05-16 06:53:48,733 - INFO -   seg  96 | w=0.3050 | u_mean=-0.001 u_std=0.000 v_std=0.004 r_std=0.0002
2026-05-16 06:53:48,733 - INFO -   seg  97 | w=0.3050 | u_mean=-0.001 u_std=0.000 v_std=0.004 r_std=0.0002
2026-05-16 06:53:48,733 - INFO -   seg  98 | w=0.3050 | u_mean=-0.001 u_std=0.000 v_std=0.004 r_std=0.0002
2026-05-16 06:53:53,404 - INFO - [composite_v3a] cached v1 baseline val vel_err@K=6, n=8192, mean=0.00909
2026-05-16 06:53:53,406 - INFO - Epoch [004/60] pl=6 LR=9.05e-04 Ltot=0.0030 (vel=0.0021, acc=0.0012, lin=0.4292, stab=0.0000, bias=0.0003) | val_vel_mean=0.52210 @K=0.84050 u@K=0.82161 v@K=0.17747 slope=0.896 inst=1.063 deg%=99.38 cV3a=4.19818 spec=0.998 | 4.6s
2026-05-16 06:53:58,804 - INFO - Epoch [005/60] pl=6 LR=8.54e-04 Ltot=0.0029 (vel=0.0021, acc=0.0011, lin=0.5537, stab=0.0000, bias=0.0002) | val_vel_mean=0.42117 @K=0.66752 u@K=0.65294 v@K=0.13872 slope=0.871 inst=1.039 deg%=99.35 cV3a=3.19704 spec=0.998 | 5.4s
2026-05-16 06:53:58,809 - INFO -   ↳ new best [composite_v3a]=3.19704 (vel_rmse_mean=0.421172, inst=1.03918, slope=0.8707, deg%=99.35, epoch 5)
2026-05-16 06:54:04,720 - INFO - Epoch [006/60] pl=6 LR=7.94e-04 Ltot=0.0027 (vel=0.0021, acc=0.0009, lin=0.6552, stab=0.0000, bias=0.0001) | val_vel_mean=0.34093 @K=0.53245 u@K=0.52132 v@K=0.10825 slope=0.847 inst=1.018 deg%=99.33 cV3a=2.44969 spec=0.997 | 5.9s
2026-05-16 06:54:04,725 - INFO -   ↳ new best [composite_v3a]=2.44969 (vel_rmse_mean=0.340935, inst=1.01769, slope=0.8468, deg%=99.33, epoch 6)
2026-05-16 06:54:04,725 - INFO - [Curriculum] pred_len -> 8; rebuilding dataloaders...
2026-05-16 06:54:04,767 - INFO - Dataset[TRAIN] koopman_train_merged.npz | segments=99 | samples=197109 | pred_len=8 | stride=1
2026-05-16 06:54:04,773 - INFO - Dataset[VAL] koopman_val.npz | segments=3 | samples=35973 | pred_len=8 | stride=1
2026-05-16 06:54:04,785 - INFO - [seg_resample] mode=u_var_r_var alpha=0.5 | n_segments=99 | w min=0.3050 max=9.3963 mean=1.0381 std=1.2979
2026-05-16 06:54:04,785 - INFO -   seg   0 | w=2.7784 | u_mean=+0.544 u_std=0.286 v_std=0.000 r_std=0.0000
2026-05-16 06:54:04,785 - INFO -   seg   1 | w=2.2946 | u_mean=+1.521 u_std=0.236 v_std=0.000 r_std=0.0000
2026-05-16 06:54:04,785 - INFO -   seg   2 | w=1.3117 | u_mean=+2.149 u_std=0.132 v_std=0.000 r_std=0.0000
2026-05-16 06:54:04,785 - INFO -   seg   3 | w=0.9921 | u_mean=+2.560 u_std=0.098 v_std=0.000 r_std=0.0000
2026-05-16 06:54:04,785 - INFO -   seg   4 | w=0.8502 | u_mean=+2.897 u_std=0.082 v_std=0.000 r_std=0.0000
2026-05-16 06:54:04,785 - INFO -   seg   5 | w=0.7624 | u_mean=+3.194 u_std=0.072 v_std=0.000 r_std=0.0000
2026-05-16 06:54:04,785 - INFO -   seg   6 | w=0.6991 | u_mean=+3.463 u_std=0.065 v_std=0.000 r_std=0.0000
2026-05-16 06:54:04,786 - INFO -   seg   7 | w=0.6508 | u_mean=+3.712 u_std=0.060 v_std=0.000 r_std=0.0000
2026-05-16 06:54:04,786 - INFO -   seg   8 | w=0.6125 | u_mean=+3.944 u_std=0.055 v_std=0.000 r_std=0.0000
2026-05-16 06:54:04,786 - INFO -   seg   9 | w=0.5812 | u_mean=+4.163 u_std=0.051 v_std=0.000 r_std=0.0000
2026-05-16 06:54:04,786 - INFO -   seg  10 | w=9.3963 | u_mean=+1.523 u_std=0.974 v_std=0.000 r_std=0.0000
2026-05-16 06:54:04,786 - INFO -   seg  11 | w=5.6288 | u_mean=-0.831 u_std=0.583 v_std=0.000 r_std=0.0000
2026-05-16 06:54:04,786 - INFO -   seg  12 | w=1.7868 | u_mean=-2.105 u_std=0.183 v_std=0.000 r_std=0.0000
2026-05-16 06:54:04,786 - INFO -   seg  13 | w=0.9822 | u_mean=-2.570 u_std=0.097 v_std=0.000 r_std=0.0000
2026-05-16 06:54:04,786 - INFO -   seg  14 | w=0.8355 | u_mean=-2.905 u_std=0.081 v_std=0.000 r_std=0.0000
2026-05-16 06:54:04,786 - INFO -   seg  15 | w=0.7496 | u_mean=-3.200 u_std=0.071 v_std=0.000 r_std=0.0000
2026-05-16 06:54:04,786 - INFO -   seg  16 | w=6.1682 | u_mean=-1.167 u_std=0.639 v_std=0.035 r_std=0.0005
2026-05-16 06:54:04,786 - INFO -   seg  17 | w=0.7899 | u_mean=-0.379 u_std=0.076 v_std=0.005 r_std=0.0002
2026-05-16 06:54:04,786 - INFO -   seg  18 | w=0.4495 | u_mean=-0.206 u_std=0.034 v_std=0.004 r_std=0.0002
2026-05-16 06:54:04,786 - INFO -   seg  19 | w=0.3752 | u_mean=-0.111 u_std=0.023 v_std=0.004 r_std=0.0002
2026-05-16 06:54:04,786 - INFO -   seg  20 | w=0.3436 | u_mean=-0.045 u_std=0.016 v_std=0.004 r_std=0.0002
2026-05-16 06:54:04,786 - INFO -   seg  21 | w=0.3178 | u_mean=-0.000 u_std=0.009 v_std=0.005 r_std=0.0002
2026-05-16 06:54:04,786 - INFO -   seg  22 | w=0.3053 | u_mean=+0.014 u_std=0.001 v_std=0.003 r_std=0.0002
2026-05-16 06:54:04,786 - INFO -   seg  23 | w=0.3083 | u_mean=+0.002 u_std=0.005 v_std=0.005 r_std=0.0002
2026-05-16 06:54:04,786 - INFO -   seg  24 | w=0.3052 | u_mean=-0.005 u_std=0.001 v_std=0.006 r_std=0.0002
2026-05-16 06:54:04,786 - INFO -   seg  25 | w=5.0391 | u_mean=+1.430 u_std=0.522 v_std=0.047 r_std=0.0030
2026-05-16 06:54:04,786 - INFO -   seg  26 | w=0.3098 | u_mean=+1.867 u_std=0.005 v_std=0.104 r_std=0.0028
2026-05-16 06:54:04,786 - INFO -   seg  27 | w=0.3265 | u_mean=+1.842 u_std=0.012 v_std=0.133 r_std=0.0042
2026-05-16 06:54:04,786 - INFO -   seg  28 | w=0.3472 | u_mean=+1.804 u_std=0.017 v_std=0.153 r_std=0.0056
2026-05-16 06:54:04,786 - INFO -   seg  29 | w=0.3742 | u_mean=+1.755 u_std=0.022 v_std=0.167 r_std=0.0069
2026-05-16 06:54:04,786 - INFO -   seg  30 | w=0.4065 | u_mean=+1.697 u_std=0.027 v_std=0.176 r_std=0.0082
2026-05-16 06:54:04,786 - INFO -   seg  31 | w=0.4421 | u_mean=+1.629 u_std=0.033 v_std=0.181 r_std=0.0094
2026-05-16 06:54:04,786 - INFO -   seg  32 | w=1.7836 | u_mean=+2.182 u_std=0.182 v_std=0.124 r_std=0.0029
2026-05-16 06:54:04,786 - INFO -   seg  33 | w=0.3227 | u_mean=+2.281 u_std=0.011 v_std=0.124 r_std=0.0039
2026-05-16 06:54:04,786 - INFO -   seg  34 | w=0.3518 | u_mean=+2.241 u_std=0.018 v_std=0.173 r_std=0.0063
2026-05-16 06:54:04,786 - INFO -   seg  35 | w=0.3831 | u_mean=+2.183 u_std=0.023 v_std=0.204 r_std=0.0084
2026-05-16 06:54:04,786 - INFO -   seg  36 | w=0.4317 | u_mean=+2.114 u_std=0.031 v_std=0.216 r_std=0.0104
2026-05-16 06:54:04,786 - INFO -   seg  37 | w=0.4913 | u_mean=+2.031 u_std=0.039 v_std=0.221 r_std=0.0123
2026-05-16 06:54:04,786 - INFO -   seg  38 | w=0.5596 | u_mean=+1.936 u_std=0.048 v_std=0.220 r_std=0.0142
2026-05-16 06:54:04,786 - INFO -   seg  39 | w=1.6941 | u_mean=+2.548 u_std=0.173 v_std=0.156 r_std=0.0042
2026-05-16 06:54:04,786 - INFO -   seg  40 | w=0.3271 | u_mean=+2.623 u_std=0.012 v_std=0.178 r_std=0.0054
2026-05-16 06:54:04,786 - INFO -   seg  41 | w=0.3644 | u_mean=+2.572 u_std=0.020 v_std=0.214 r_std=0.0080
2026-05-16 06:54:04,786 - INFO -   seg  42 | w=0.4219 | u_mean=+2.497 u_std=0.029 v_std=0.237 r_std=0.0108
2026-05-16 06:54:04,786 - INFO -   seg  43 | w=0.4939 | u_mean=+2.418 u_std=0.039 v_std=0.244 r_std=0.0132
2026-05-16 06:54:04,786 - INFO -   seg  44 | w=0.5822 | u_mean=+2.302 u_std=0.050 v_std=0.246 r_std=0.0162
2026-05-16 06:54:04,786 - INFO -   seg  45 | w=0.6612 | u_mean=+2.193 u_std=0.059 v_std=0.240 r_std=0.0183
2026-05-16 06:54:04,786 - INFO -   seg  46 | w=2.0306 | u_mean=+2.842 u_std=0.208 v_std=0.182 r_std=0.0055
2026-05-16 06:54:04,786 - INFO -   seg  47 | w=0.3342 | u_mean=+2.927 u_std=0.013 v_std=0.195 r_std=0.0062
2026-05-16 06:54:04,786 - INFO -   seg  48 | w=0.4431 | u_mean=+2.876 u_std=0.033 v_std=0.220 r_std=0.0091
2026-05-16 06:54:04,786 - INFO -   seg  49 | w=0.5244 | u_mean=+2.794 u_std=0.043 v_std=0.248 r_std=0.0120
2026-05-16 06:54:04,786 - INFO -   seg  50 | w=0.6925 | u_mean=+2.702 u_std=0.064 v_std=0.252 r_std=0.0150
2026-05-16 06:54:04,786 - INFO -   seg  51 | w=0.8094 | u_mean=+2.584 u_std=0.077 v_std=0.255 r_std=0.0179
2026-05-16 06:54:04,786 - INFO -   seg  52 | w=0.9803 | u_mean=+2.453 u_std=0.095 v_std=0.247 r_std=0.0207
2026-05-16 06:54:04,786 - INFO -   seg  53 | w=1.7727 | u_mean=+3.150 u_std=0.181 v_std=0.151 r_std=0.0035
2026-05-16 06:54:04,786 - INFO -   seg  54 | w=0.3603 | u_mean=+3.208 u_std=0.019 v_std=0.194 r_std=0.0070
2026-05-16 06:54:04,786 - INFO -   seg  55 | w=0.4762 | u_mean=+3.147 u_std=0.037 v_std=0.232 r_std=0.0104
2026-05-16 06:54:04,786 - INFO -   seg  56 | w=0.6425 | u_mean=+3.063 u_std=0.058 v_std=0.252 r_std=0.0138
2026-05-16 06:54:04,786 - INFO -   seg  57 | w=0.8406 | u_mean=+2.959 u_std=0.080 v_std=0.260 r_std=0.0171
2026-05-16 06:54:04,786 - INFO -   seg  58 | w=1.0630 | u_mean=+2.833 u_std=0.105 v_std=0.258 r_std=0.0203
2026-05-16 06:54:04,786 - INFO -   seg  59 | w=1.2952 | u_mean=+2.688 u_std=0.129 v_std=0.247 r_std=0.0234
2026-05-16 06:54:04,786 - INFO -   seg  60 | w=1.5744 | u_mean=+3.421 u_std=0.160 v_std=0.163 r_std=0.0054
2026-05-16 06:54:04,786 - INFO -   seg  61 | w=0.3563 | u_mean=+3.454 u_std=0.018 v_std=0.237 r_std=0.0085
2026-05-16 06:54:04,786 - INFO -   seg  62 | w=0.4777 | u_mean=+3.391 u_std=0.037 v_std=0.256 r_std=0.0121
2026-05-16 06:54:04,786 - INFO -   seg  63 | w=0.6372 | u_mean=+3.297 u_std=0.057 v_std=0.279 r_std=0.0158
2026-05-16 06:54:04,786 - INFO -   seg  64 | w=0.8630 | u_mean=+3.182 u_std=0.083 v_std=0.283 r_std=0.0196
2026-05-16 06:54:04,786 - INFO -   seg  65 | w=1.0934 | u_mean=+3.043 u_std=0.108 v_std=0.280 r_std=0.0232
2026-05-16 06:54:04,786 - INFO -   seg  66 | w=1.3561 | u_mean=+2.883 u_std=0.136 v_std=0.267 r_std=0.0266
2026-05-16 06:54:04,786 - INFO -   seg  67 | w=1.8343 | u_mean=+3.644 u_std=0.187 v_std=0.220 r_std=0.0074
2026-05-16 06:54:04,786 - INFO -   seg  68 | w=0.3766 | u_mean=+3.690 u_std=0.022 v_std=0.254 r_std=0.0092
2026-05-16 06:54:04,786 - INFO -   seg  69 | w=0.5519 | u_mean=+3.613 u_std=0.047 v_std=0.280 r_std=0.0136
2026-05-16 06:54:04,786 - INFO -   seg  70 | w=0.7565 | u_mean=+3.505 u_std=0.071 v_std=0.297 r_std=0.0181
2026-05-16 06:54:04,786 - INFO -   seg  71 | w=0.9757 | u_mean=+3.372 u_std=0.095 v_std=0.299 r_std=0.0226
2026-05-16 06:54:04,786 - INFO -   seg  72 | w=1.1473 | u_mean=+3.217 u_std=0.113 v_std=0.291 r_std=0.0268
2026-05-16 06:54:04,786 - INFO -   seg  73 | w=1.2645 | u_mean=+3.033 u_std=0.125 v_std=0.278 r_std=0.0302
2026-05-16 06:54:04,786 - INFO -   seg  74 | w=2.2556 | u_mean=+3.845 u_std=0.232 v_std=0.247 r_std=0.0090
2026-05-16 06:54:04,786 - INFO -   seg  75 | w=0.3917 | u_mean=+3.912 u_std=0.024 v_std=0.262 r_std=0.0100
2026-05-16 06:54:04,786 - INFO -   seg  76 | w=0.5602 | u_mean=+3.823 u_std=0.048 v_std=0.300 r_std=0.0150
2026-05-16 06:54:04,786 - INFO -   seg  77 | w=0.7726 | u_mean=+3.702 u_std=0.072 v_std=0.318 r_std=0.0199
2026-05-16 06:54:04,787 - INFO -   seg  78 | w=1.0169 | u_mean=+3.554 u_std=0.099 v_std=0.318 r_std=0.0247
2026-05-16 06:54:04,787 - INFO -   seg  79 | w=1.2915 | u_mean=+3.378 u_std=0.128 v_std=0.306 r_std=0.0294
2026-05-16 06:54:04,787 - INFO -   seg  80 | w=1.5896 | u_mean=+3.179 u_std=0.160 v_std=0.282 r_std=0.0339
2026-05-16 06:54:04,787 - INFO -   seg  81 | w=1.7154 | u_mean=+4.098 u_std=0.175 v_std=0.203 r_std=0.0068
2026-05-16 06:54:04,787 - INFO -   seg  82 | w=0.4137 | u_mean=+4.123 u_std=0.028 v_std=0.264 r_std=0.0109
2026-05-16 06:54:04,787 - INFO -   seg  83 | w=0.5603 | u_mean=+4.021 u_std=0.047 v_std=0.320 r_std=0.0165
2026-05-16 06:54:04,787 - INFO -   seg  84 | w=0.7672 | u_mean=+3.887 u_std=0.071 v_std=0.337 r_std=0.0220
2026-05-16 06:54:04,787 - INFO -   seg  85 | w=1.0147 | u_mean=+3.723 u_std=0.098 v_std=0.333 r_std=0.0273
2026-05-16 06:54:04,787 - INFO -   seg  86 | w=1.2836 | u_mean=+3.532 u_std=0.127 v_std=0.315 r_std=0.0324
2026-05-16 06:54:04,787 - INFO -   seg  87 | w=1.5736 | u_mean=+3.313 u_std=0.158 v_std=0.287 r_std=0.0373
2026-05-16 06:54:04,787 - INFO -   seg  88 | w=1.5581 | u_mean=+3.187 u_std=0.158 v_std=0.267 r_std=0.0196
2026-05-16 06:54:04,787 - INFO -   seg  89 | w=1.3434 | u_mean=+3.272 u_std=0.135 v_std=0.265 r_std=0.0163
2026-05-16 06:54:04,787 - INFO -   seg  90 | w=0.3050 | u_mean=-0.000 u_std=0.000 v_std=0.008 r_std=0.0005
2026-05-16 06:54:04,787 - INFO -   seg  91 | w=0.3050 | u_mean=-0.000 u_std=0.000 v_std=0.004 r_std=0.0002
2026-05-16 06:54:04,787 - INFO -   seg  92 | w=0.3050 | u_mean=-0.000 u_std=0.000 v_std=0.004 r_std=0.0002
2026-05-16 06:54:04,787 - INFO -   seg  93 | w=0.3050 | u_mean=-0.000 u_std=0.000 v_std=0.004 r_std=0.0002
2026-05-16 06:54:04,787 - INFO -   seg  94 | w=0.3050 | u_mean=-0.000 u_std=0.000 v_std=0.004 r_std=0.0002
2026-05-16 06:54:04,787 - INFO -   seg  95 | w=0.3050 | u_mean=-0.000 u_std=0.000 v_std=0.004 r_std=0.0002
2026-05-16 06:54:04,787 - INFO -   seg  96 | w=0.3050 | u_mean=-0.001 u_std=0.000 v_std=0.004 r_std=0.0002
2026-05-16 06:54:04,787 - INFO -   seg  97 | w=0.3050 | u_mean=-0.001 u_std=0.000 v_std=0.004 r_std=0.0002
2026-05-16 06:54:04,787 - INFO -   seg  98 | w=0.3050 | u_mean=-0.001 u_std=0.000 v_std=0.004 r_std=0.0002
2026-05-16 06:54:11,575 - INFO - [composite_v3a] cached v1 baseline val vel_err@K=8, n=8192, mean=0.01203
2026-05-16 06:54:11,578 - INFO - Epoch [007/60] pl=8 LR=7.27e-04 Ltot=0.0028 (vel=0.0021, acc=0.0009, lin=0.9029, stab=0.0000, bias=0.0001) | val_vel_mean=0.32881 @K=0.50682 u@K=0.49591 v@K=0.10452 slope=0.792 inst=1.045 deg%=99.30 cV3a=2.23398 spec=0.998 | 6.8s
2026-05-16 06:54:11,584 - INFO -   ↳ new best [composite_v3a]=2.23398 (vel_rmse_mean=0.328811, inst=1.04545, slope=0.7915, deg%=99.30, epoch 7)
2026-05-16 06:54:19,515 - INFO - Epoch [008/60] pl=8 LR=6.55e-04 Ltot=0.0027 (vel=0.0021, acc=0.0008, lin=0.9705, stab=0.0000, bias=0.0001) | val_vel_mean=0.26395 @K=0.40003 u@K=0.39193 v@K=0.08003 slope=0.766 inst=1.019 deg%=99.24 cV3a=1.67821 spec=0.998 | 7.9s
2026-05-16 06:54:19,521 - INFO -   ↳ new best [composite_v3a]=1.67821 (vel_rmse_mean=0.263946, inst=1.01921, slope=0.7662, deg%=99.24, epoch 8)
2026-05-16 06:54:26,959 - INFO - Epoch [009/60] pl=8 LR=5.78e-04 Ltot=0.0026 (vel=0.0021, acc=0.0008, lin=1.0084, stab=0.0000, bias=0.0001) | val_vel_mean=0.21227 @K=0.31720 u@K=0.31121 v@K=0.06140 slope=0.744 inst=0.997 deg%=99.17 cV3a=1.27535 spec=0.998 | 7.4s
2026-05-16 06:54:26,965 - INFO -   ↳ new best [composite_v3a]=1.27535 (vel_rmse_mean=0.212266, inst=0.997137, slope=0.7439, deg%=99.17, epoch 9)
2026-05-16 06:54:26,965 - INFO - [Curriculum] pred_len -> 10; rebuilding dataloaders...
2026-05-16 06:54:27,007 - INFO - Dataset[TRAIN] koopman_train_merged.npz | segments=99 | samples=196911 | pred_len=10 | stride=1
2026-05-16 06:54:27,012 - INFO - Dataset[VAL] koopman_val.npz | segments=3 | samples=35967 | pred_len=10 | stride=1
2026-05-16 06:54:27,025 - INFO - [seg_resample] mode=u_var_r_var alpha=0.5 | n_segments=99 | w min=0.3050 max=9.3966 mean=1.0381 std=1.2980
2026-05-16 06:54:27,025 - INFO -   seg   0 | w=2.7785 | u_mean=+0.544 u_std=0.286 v_std=0.000 r_std=0.0000
2026-05-16 06:54:27,025 - INFO -   seg   1 | w=2.2947 | u_mean=+1.521 u_std=0.236 v_std=0.000 r_std=0.0000
2026-05-16 06:54:27,025 - INFO -   seg   2 | w=1.3118 | u_mean=+2.149 u_std=0.132 v_std=0.000 r_std=0.0000
2026-05-16 06:54:27,025 - INFO -   seg   3 | w=0.9922 | u_mean=+2.560 u_std=0.098 v_std=0.000 r_std=0.0000
2026-05-16 06:54:27,025 - INFO -   seg   4 | w=0.8503 | u_mean=+2.897 u_std=0.082 v_std=0.000 r_std=0.0000
2026-05-16 06:54:27,025 - INFO -   seg   5 | w=0.7624 | u_mean=+3.194 u_std=0.072 v_std=0.000 r_std=0.0000
2026-05-16 06:54:27,025 - INFO -   seg   6 | w=0.6992 | u_mean=+3.463 u_std=0.065 v_std=0.000 r_std=0.0000
2026-05-16 06:54:27,025 - INFO -   seg   7 | w=0.6508 | u_mean=+3.712 u_std=0.060 v_std=0.000 r_std=0.0000
2026-05-16 06:54:27,025 - INFO -   seg   8 | w=0.6125 | u_mean=+3.944 u_std=0.055 v_std=0.000 r_std=0.0000
2026-05-16 06:54:27,025 - INFO -   seg   9 | w=0.5812 | u_mean=+4.163 u_std=0.051 v_std=0.000 r_std=0.0000
2026-05-16 06:54:27,025 - INFO -   seg  10 | w=9.3966 | u_mean=+1.523 u_std=0.974 v_std=0.000 r_std=0.0000
2026-05-16 06:54:27,025 - INFO -   seg  11 | w=5.6290 | u_mean=-0.831 u_std=0.583 v_std=0.000 r_std=0.0000
2026-05-16 06:54:27,025 - INFO -   seg  12 | w=1.7869 | u_mean=-2.105 u_std=0.183 v_std=0.000 r_std=0.0000
2026-05-16 06:54:27,025 - INFO -   seg  13 | w=0.9822 | u_mean=-2.570 u_std=0.097 v_std=0.000 r_std=0.0000
2026-05-16 06:54:27,025 - INFO -   seg  14 | w=0.8356 | u_mean=-2.905 u_std=0.081 v_std=0.000 r_std=0.0000
2026-05-16 06:54:27,025 - INFO -   seg  15 | w=0.7496 | u_mean=-3.200 u_std=0.071 v_std=0.000 r_std=0.0000
2026-05-16 06:54:27,025 - INFO -   seg  16 | w=6.1685 | u_mean=-1.167 u_std=0.639 v_std=0.035 r_std=0.0005
2026-05-16 06:54:27,025 - INFO -   seg  17 | w=0.7899 | u_mean=-0.379 u_std=0.076 v_std=0.005 r_std=0.0002
2026-05-16 06:54:27,025 - INFO -   seg  18 | w=0.4495 | u_mean=-0.206 u_std=0.034 v_std=0.004 r_std=0.0002
2026-05-16 06:54:27,025 - INFO -   seg  19 | w=0.3752 | u_mean=-0.111 u_std=0.023 v_std=0.004 r_std=0.0002
2026-05-16 06:54:27,025 - INFO -   seg  20 | w=0.3436 | u_mean=-0.045 u_std=0.016 v_std=0.004 r_std=0.0002
2026-05-16 06:54:27,025 - INFO -   seg  21 | w=0.3178 | u_mean=-0.000 u_std=0.009 v_std=0.005 r_std=0.0002
2026-05-16 06:54:27,025 - INFO -   seg  22 | w=0.3053 | u_mean=+0.014 u_std=0.001 v_std=0.003 r_std=0.0002
2026-05-16 06:54:27,025 - INFO -   seg  23 | w=0.3084 | u_mean=+0.002 u_std=0.005 v_std=0.005 r_std=0.0002
2026-05-16 06:54:27,025 - INFO -   seg  24 | w=0.3052 | u_mean=-0.005 u_std=0.001 v_std=0.006 r_std=0.0002
2026-05-16 06:54:27,025 - INFO -   seg  25 | w=5.0393 | u_mean=+1.430 u_std=0.522 v_std=0.047 r_std=0.0030
2026-05-16 06:54:27,025 - INFO -   seg  26 | w=0.3098 | u_mean=+1.867 u_std=0.005 v_std=0.104 r_std=0.0028
2026-05-16 06:54:27,025 - INFO -   seg  27 | w=0.3265 | u_mean=+1.842 u_std=0.012 v_std=0.133 r_std=0.0042
2026-05-16 06:54:27,025 - INFO -   seg  28 | w=0.3472 | u_mean=+1.804 u_std=0.017 v_std=0.153 r_std=0.0056
2026-05-16 06:54:27,025 - INFO -   seg  29 | w=0.3743 | u_mean=+1.755 u_std=0.022 v_std=0.167 r_std=0.0069
2026-05-16 06:54:27,025 - INFO -   seg  30 | w=0.4065 | u_mean=+1.697 u_std=0.027 v_std=0.176 r_std=0.0082
2026-05-16 06:54:27,025 - INFO -   seg  31 | w=0.4421 | u_mean=+1.629 u_std=0.033 v_std=0.181 r_std=0.0094
2026-05-16 06:54:27,025 - INFO -   seg  32 | w=1.7836 | u_mean=+2.182 u_std=0.182 v_std=0.124 r_std=0.0029
2026-05-16 06:54:27,025 - INFO -   seg  33 | w=0.3227 | u_mean=+2.281 u_std=0.011 v_std=0.124 r_std=0.0039
2026-05-16 06:54:27,025 - INFO -   seg  34 | w=0.3518 | u_mean=+2.241 u_std=0.018 v_std=0.173 r_std=0.0063
2026-05-16 06:54:27,025 - INFO -   seg  35 | w=0.3831 | u_mean=+2.183 u_std=0.023 v_std=0.204 r_std=0.0084
2026-05-16 06:54:27,025 - INFO -   seg  36 | w=0.4317 | u_mean=+2.114 u_std=0.031 v_std=0.216 r_std=0.0104
2026-05-16 06:54:27,025 - INFO -   seg  37 | w=0.4913 | u_mean=+2.031 u_std=0.039 v_std=0.221 r_std=0.0123
2026-05-16 06:54:27,025 - INFO -   seg  38 | w=0.5597 | u_mean=+1.936 u_std=0.048 v_std=0.220 r_std=0.0142
2026-05-16 06:54:27,025 - INFO -   seg  39 | w=1.6942 | u_mean=+2.548 u_std=0.173 v_std=0.156 r_std=0.0042
2026-05-16 06:54:27,025 - INFO -   seg  40 | w=0.3271 | u_mean=+2.623 u_std=0.012 v_std=0.178 r_std=0.0054
2026-05-16 06:54:27,025 - INFO -   seg  41 | w=0.3645 | u_mean=+2.572 u_std=0.020 v_std=0.214 r_std=0.0080
2026-05-16 06:54:27,025 - INFO -   seg  42 | w=0.4220 | u_mean=+2.497 u_std=0.029 v_std=0.237 r_std=0.0108
2026-05-16 06:54:27,025 - INFO -   seg  43 | w=0.4939 | u_mean=+2.418 u_std=0.039 v_std=0.244 r_std=0.0132
2026-05-16 06:54:27,025 - INFO -   seg  44 | w=0.5823 | u_mean=+2.302 u_std=0.050 v_std=0.246 r_std=0.0162
2026-05-16 06:54:27,025 - INFO -   seg  45 | w=0.6612 | u_mean=+2.193 u_std=0.059 v_std=0.240 r_std=0.0183
2026-05-16 06:54:27,025 - INFO -   seg  46 | w=2.0306 | u_mean=+2.842 u_std=0.208 v_std=0.182 r_std=0.0055
2026-05-16 06:54:27,025 - INFO -   seg  47 | w=0.3342 | u_mean=+2.927 u_std=0.013 v_std=0.195 r_std=0.0062
2026-05-16 06:54:27,025 - INFO -   seg  48 | w=0.4431 | u_mean=+2.876 u_std=0.033 v_std=0.220 r_std=0.0091
2026-05-16 06:54:27,025 - INFO -   seg  49 | w=0.5244 | u_mean=+2.794 u_std=0.043 v_std=0.248 r_std=0.0120
2026-05-16 06:54:27,025 - INFO -   seg  50 | w=0.6926 | u_mean=+2.702 u_std=0.064 v_std=0.252 r_std=0.0150
2026-05-16 06:54:27,025 - INFO -   seg  51 | w=0.8094 | u_mean=+2.584 u_std=0.077 v_std=0.255 r_std=0.0179
2026-05-16 06:54:27,025 - INFO -   seg  52 | w=0.9803 | u_mean=+2.453 u_std=0.095 v_std=0.247 r_std=0.0207
2026-05-16 06:54:27,025 - INFO -   seg  53 | w=1.7728 | u_mean=+3.150 u_std=0.181 v_std=0.151 r_std=0.0035
2026-05-16 06:54:27,025 - INFO -   seg  54 | w=0.3603 | u_mean=+3.208 u_std=0.019 v_std=0.194 r_std=0.0070
2026-05-16 06:54:27,026 - INFO -   seg  55 | w=0.4762 | u_mean=+3.147 u_std=0.037 v_std=0.232 r_std=0.0104
2026-05-16 06:54:27,026 - INFO -   seg  56 | w=0.6425 | u_mean=+3.063 u_std=0.058 v_std=0.252 r_std=0.0138
2026-05-16 06:54:27,026 - INFO -   seg  57 | w=0.8407 | u_mean=+2.959 u_std=0.080 v_std=0.260 r_std=0.0171
2026-05-16 06:54:27,026 - INFO -   seg  58 | w=1.0630 | u_mean=+2.833 u_std=0.105 v_std=0.258 r_std=0.0203
2026-05-16 06:54:27,026 - INFO -   seg  59 | w=1.2953 | u_mean=+2.688 u_std=0.129 v_std=0.247 r_std=0.0234
2026-05-16 06:54:27,026 - INFO -   seg  60 | w=1.5744 | u_mean=+3.421 u_std=0.160 v_std=0.163 r_std=0.0054
2026-05-16 06:54:27,026 - INFO -   seg  61 | w=0.3564 | u_mean=+3.454 u_std=0.018 v_std=0.237 r_std=0.0085
2026-05-16 06:54:27,026 - INFO -   seg  62 | w=0.4777 | u_mean=+3.391 u_std=0.037 v_std=0.256 r_std=0.0121
2026-05-16 06:54:27,026 - INFO -   seg  63 | w=0.6372 | u_mean=+3.297 u_std=0.057 v_std=0.279 r_std=0.0158
2026-05-16 06:54:27,026 - INFO -   seg  64 | w=0.8631 | u_mean=+3.182 u_std=0.083 v_std=0.283 r_std=0.0196
2026-05-16 06:54:27,026 - INFO -   seg  65 | w=1.0935 | u_mean=+3.043 u_std=0.108 v_std=0.280 r_std=0.0232
2026-05-16 06:54:27,026 - INFO -   seg  66 | w=1.3562 | u_mean=+2.883 u_std=0.136 v_std=0.267 r_std=0.0266
2026-05-16 06:54:27,026 - INFO -   seg  67 | w=1.8343 | u_mean=+3.644 u_std=0.187 v_std=0.220 r_std=0.0074
2026-05-16 06:54:27,026 - INFO -   seg  68 | w=0.3766 | u_mean=+3.690 u_std=0.022 v_std=0.254 r_std=0.0092
2026-05-16 06:54:27,026 - INFO -   seg  69 | w=0.5519 | u_mean=+3.613 u_std=0.047 v_std=0.280 r_std=0.0136
2026-05-16 06:54:27,026 - INFO -   seg  70 | w=0.7565 | u_mean=+3.505 u_std=0.071 v_std=0.297 r_std=0.0181
2026-05-16 06:54:27,026 - INFO -   seg  71 | w=0.9757 | u_mean=+3.372 u_std=0.095 v_std=0.299 r_std=0.0226
2026-05-16 06:54:27,026 - INFO -   seg  72 | w=1.1473 | u_mean=+3.217 u_std=0.113 v_std=0.291 r_std=0.0268
2026-05-16 06:54:27,026 - INFO -   seg  73 | w=1.2645 | u_mean=+3.033 u_std=0.125 v_std=0.278 r_std=0.0302
2026-05-16 06:54:27,026 - INFO -   seg  74 | w=2.2557 | u_mean=+3.845 u_std=0.232 v_std=0.247 r_std=0.0090
2026-05-16 06:54:27,026 - INFO -   seg  75 | w=0.3917 | u_mean=+3.912 u_std=0.024 v_std=0.262 r_std=0.0100
2026-05-16 06:54:27,026 - INFO -   seg  76 | w=0.5602 | u_mean=+3.823 u_std=0.048 v_std=0.300 r_std=0.0150
2026-05-16 06:54:27,026 - INFO -   seg  77 | w=0.7726 | u_mean=+3.702 u_std=0.072 v_std=0.318 r_std=0.0199
2026-05-16 06:54:27,026 - INFO -   seg  78 | w=1.0169 | u_mean=+3.554 u_std=0.099 v_std=0.318 r_std=0.0247
2026-05-16 06:54:27,026 - INFO -   seg  79 | w=1.2915 | u_mean=+3.378 u_std=0.128 v_std=0.306 r_std=0.0294
2026-05-16 06:54:27,026 - INFO -   seg  80 | w=1.5897 | u_mean=+3.179 u_std=0.160 v_std=0.282 r_std=0.0339
2026-05-16 06:54:27,026 - INFO -   seg  81 | w=1.7154 | u_mean=+4.098 u_std=0.175 v_std=0.203 r_std=0.0068
2026-05-16 06:54:27,026 - INFO -   seg  82 | w=0.4137 | u_mean=+4.123 u_std=0.028 v_std=0.264 r_std=0.0109
2026-05-16 06:54:27,026 - INFO -   seg  83 | w=0.5604 | u_mean=+4.021 u_std=0.047 v_std=0.320 r_std=0.0165
2026-05-16 06:54:27,026 - INFO -   seg  84 | w=0.7672 | u_mean=+3.887 u_std=0.071 v_std=0.337 r_std=0.0220
2026-05-16 06:54:27,026 - INFO -   seg  85 | w=1.0147 | u_mean=+3.723 u_std=0.098 v_std=0.333 r_std=0.0273
2026-05-16 06:54:27,026 - INFO -   seg  86 | w=1.2836 | u_mean=+3.532 u_std=0.127 v_std=0.315 r_std=0.0324
2026-05-16 06:54:27,026 - INFO -   seg  87 | w=1.5737 | u_mean=+3.313 u_std=0.158 v_std=0.287 r_std=0.0373
2026-05-16 06:54:27,026 - INFO -   seg  88 | w=1.5582 | u_mean=+3.187 u_std=0.158 v_std=0.267 r_std=0.0196
2026-05-16 06:54:27,026 - INFO -   seg  89 | w=1.3434 | u_mean=+3.272 u_std=0.135 v_std=0.265 r_std=0.0163
2026-05-16 06:54:27,026 - INFO -   seg  90 | w=0.3050 | u_mean=-0.000 u_std=0.000 v_std=0.008 r_std=0.0005
2026-05-16 06:54:27,026 - INFO -   seg  91 | w=0.3050 | u_mean=-0.000 u_std=0.000 v_std=0.004 r_std=0.0002
2026-05-16 06:54:27,026 - INFO -   seg  92 | w=0.3050 | u_mean=-0.000 u_std=0.000 v_std=0.004 r_std=0.0002
2026-05-16 06:54:27,026 - INFO -   seg  93 | w=0.3050 | u_mean=-0.000 u_std=0.000 v_std=0.004 r_std=0.0002
2026-05-16 06:54:27,026 - INFO -   seg  94 | w=0.3050 | u_mean=-0.000 u_std=0.000 v_std=0.004 r_std=0.0002
2026-05-16 06:54:27,026 - INFO -   seg  95 | w=0.3050 | u_mean=-0.000 u_std=0.000 v_std=0.004 r_std=0.0002
2026-05-16 06:54:27,026 - INFO -   seg  96 | w=0.3050 | u_mean=-0.001 u_std=0.000 v_std=0.004 r_std=0.0002
2026-05-16 06:54:27,026 - INFO -   seg  97 | w=0.3050 | u_mean=-0.001 u_std=0.000 v_std=0.004 r_std=0.0002
2026-05-16 06:54:27,026 - INFO -   seg  98 | w=0.3050 | u_mean=-0.001 u_std=0.000 v_std=0.004 r_std=0.0002
2026-05-16 06:54:35,012 - INFO - [composite_v3a] cached v1 baseline val vel_err@K=10, n=8192, mean=0.01492
2026-05-16 06:54:35,015 - INFO - Epoch [010/60] pl=10 LR=5.00e-04 Ltot=0.0028 (vel=0.0022, acc=0.0008, lin=1.1935, stab=0.0000, bias=0.0001) | val_vel_mean=0.19171 @K=0.27980 u@K=0.27476 v@K=0.05292 slope=0.692 inst=1.001 deg%=99.02 cV3a=1.05062 spec=0.998 | 8.0s
2026-05-16 06:54:35,022 - INFO -   ↳ new best [composite_v3a]=1.05062 (vel_rmse_mean=0.19171, inst=1.00053, slope=0.6922, deg%=99.02, epoch 10)
2026-05-16 06:54:43,199 - INFO - Epoch [011/60] pl=10 LR=4.22e-04 Ltot=0.0027 (vel=0.0022, acc=0.0007, lin=1.2041, stab=0.0000, bias=0.0001) | val_vel_mean=0.15447 @K=0.22360 u@K=0.21996 v@K=0.04021 slope=0.676 inst=0.984 deg%=98.68 cV3a=0.81821 spec=0.998 | 8.2s
2026-05-16 06:54:43,205 - INFO -   ↳ new best [composite_v3a]=0.818214 (vel_rmse_mean=0.154471, inst=0.983816, slope=0.6761, deg%=98.68, epoch 11)
2026-05-16 06:54:51,063 - INFO - Epoch [012/60] pl=10 LR=3.45e-04 Ltot=0.0026 (vel=0.0022, acc=0.0007, lin=1.2032, stab=0.0000, bias=0.0001) | val_vel_mean=0.12514 @K=0.18021 u@K=0.17758 v@K=0.03068 slope=0.664 inst=0.972 deg%=98.49 cV3a=0.64633 spec=0.998 | 7.9s
2026-05-16 06:54:51,068 - INFO -   ↳ new best [composite_v3a]=0.646332 (vel_rmse_mean=0.125141, inst=0.971643, slope=0.664, deg%=98.49, epoch 12)
2026-05-16 06:54:51,069 - INFO - [Curriculum] pred_len -> 12; rebuilding dataloaders...
2026-05-16 06:54:51,109 - INFO - Dataset[TRAIN] koopman_train_merged.npz | segments=99 | samples=196713 | pred_len=12 | stride=1
2026-05-16 06:54:51,114 - INFO - Dataset[VAL] koopman_val.npz | segments=3 | samples=35961 | pred_len=12 | stride=1
2026-05-16 06:54:51,126 - INFO - [seg_resample] mode=u_var_r_var alpha=0.5 | n_segments=99 | w min=0.3050 max=9.3970 mean=1.0382 std=1.2980
2026-05-16 06:54:51,126 - INFO -   seg   0 | w=2.7786 | u_mean=+0.544 u_std=0.286 v_std=0.000 r_std=0.0000
2026-05-16 06:54:51,126 - INFO -   seg   1 | w=2.2948 | u_mean=+1.521 u_std=0.236 v_std=0.000 r_std=0.0000
2026-05-16 06:54:51,126 - INFO -   seg   2 | w=1.3118 | u_mean=+2.149 u_std=0.132 v_std=0.000 r_std=0.0000
2026-05-16 06:54:51,126 - INFO -   seg   3 | w=0.9922 | u_mean=+2.560 u_std=0.098 v_std=0.000 r_std=0.0000
2026-05-16 06:54:51,126 - INFO -   seg   4 | w=0.8503 | u_mean=+2.897 u_std=0.082 v_std=0.000 r_std=0.0000
2026-05-16 06:54:51,126 - INFO -   seg   5 | w=0.7624 | u_mean=+3.194 u_std=0.072 v_std=0.000 r_std=0.0000
2026-05-16 06:54:51,126 - INFO -   seg   6 | w=0.6992 | u_mean=+3.463 u_std=0.065 v_std=0.000 r_std=0.0000
2026-05-16 06:54:51,126 - INFO -   seg   7 | w=0.6509 | u_mean=+3.712 u_std=0.060 v_std=0.000 r_std=0.0000
2026-05-16 06:54:51,126 - INFO -   seg   8 | w=0.6125 | u_mean=+3.944 u_std=0.055 v_std=0.000 r_std=0.0000
2026-05-16 06:54:51,126 - INFO -   seg   9 | w=0.5813 | u_mean=+4.163 u_std=0.051 v_std=0.000 r_std=0.0000
2026-05-16 06:54:51,126 - INFO -   seg  10 | w=9.3970 | u_mean=+1.523 u_std=0.974 v_std=0.000 r_std=0.0000
2026-05-16 06:54:51,126 - INFO -   seg  11 | w=5.6293 | u_mean=-0.831 u_std=0.583 v_std=0.000 r_std=0.0000
2026-05-16 06:54:51,126 - INFO -   seg  12 | w=1.7869 | u_mean=-2.105 u_std=0.183 v_std=0.000 r_std=0.0000
2026-05-16 06:54:51,126 - INFO -   seg  13 | w=0.9823 | u_mean=-2.570 u_std=0.097 v_std=0.000 r_std=0.0000
2026-05-16 06:54:51,126 - INFO -   seg  14 | w=0.8356 | u_mean=-2.905 u_std=0.081 v_std=0.000 r_std=0.0000
2026-05-16 06:54:51,126 - INFO -   seg  15 | w=0.7496 | u_mean=-3.200 u_std=0.071 v_std=0.000 r_std=0.0000
2026-05-16 06:54:51,126 - INFO -   seg  16 | w=6.1687 | u_mean=-1.167 u_std=0.639 v_std=0.035 r_std=0.0005
2026-05-16 06:54:51,126 - INFO -   seg  17 | w=0.7899 | u_mean=-0.379 u_std=0.076 v_std=0.005 r_std=0.0002
2026-05-16 06:54:51,127 - INFO -   seg  18 | w=0.4496 | u_mean=-0.206 u_std=0.034 v_std=0.004 r_std=0.0002
2026-05-16 06:54:51,127 - INFO -   seg  19 | w=0.3752 | u_mean=-0.111 u_std=0.023 v_std=0.004 r_std=0.0002
2026-05-16 06:54:51,127 - INFO -   seg  20 | w=0.3436 | u_mean=-0.045 u_std=0.016 v_std=0.004 r_std=0.0002
2026-05-16 06:54:51,127 - INFO -   seg  21 | w=0.3178 | u_mean=-0.000 u_std=0.009 v_std=0.005 r_std=0.0002
2026-05-16 06:54:51,127 - INFO -   seg  22 | w=0.3053 | u_mean=+0.014 u_std=0.001 v_std=0.003 r_std=0.0002
2026-05-16 06:54:51,127 - INFO -   seg  23 | w=0.3084 | u_mean=+0.002 u_std=0.005 v_std=0.005 r_std=0.0002
2026-05-16 06:54:51,127 - INFO -   seg  24 | w=0.3052 | u_mean=-0.005 u_std=0.001 v_std=0.006 r_std=0.0002
2026-05-16 06:54:51,127 - INFO -   seg  25 | w=5.0395 | u_mean=+1.430 u_std=0.522 v_std=0.047 r_std=0.0030
2026-05-16 06:54:51,127 - INFO -   seg  26 | w=0.3099 | u_mean=+1.867 u_std=0.005 v_std=0.104 r_std=0.0028
2026-05-16 06:54:51,127 - INFO -   seg  27 | w=0.3266 | u_mean=+1.842 u_std=0.012 v_std=0.133 r_std=0.0042
2026-05-16 06:54:51,127 - INFO -   seg  28 | w=0.3473 | u_mean=+1.804 u_std=0.017 v_std=0.153 r_std=0.0056
2026-05-16 06:54:51,127 - INFO -   seg  29 | w=0.3743 | u_mean=+1.755 u_std=0.022 v_std=0.167 r_std=0.0069
2026-05-16 06:54:51,127 - INFO -   seg  30 | w=0.4066 | u_mean=+1.697 u_std=0.027 v_std=0.176 r_std=0.0082
2026-05-16 06:54:51,127 - INFO -   seg  31 | w=0.4421 | u_mean=+1.629 u_std=0.033 v_std=0.181 r_std=0.0094
2026-05-16 06:54:51,127 - INFO -   seg  32 | w=1.7837 | u_mean=+2.182 u_std=0.182 v_std=0.124 r_std=0.0029
2026-05-16 06:54:51,127 - INFO -   seg  33 | w=0.3227 | u_mean=+2.281 u_std=0.011 v_std=0.124 r_std=0.0039
2026-05-16 06:54:51,127 - INFO -   seg  34 | w=0.3518 | u_mean=+2.241 u_std=0.018 v_std=0.173 r_std=0.0063
2026-05-16 06:54:51,127 - INFO -   seg  35 | w=0.3831 | u_mean=+2.183 u_std=0.023 v_std=0.204 r_std=0.0084
2026-05-16 06:54:51,127 - INFO -   seg  36 | w=0.4317 | u_mean=+2.114 u_std=0.031 v_std=0.216 r_std=0.0104
2026-05-16 06:54:51,127 - INFO -   seg  37 | w=0.4914 | u_mean=+2.031 u_std=0.039 v_std=0.221 r_std=0.0123
2026-05-16 06:54:51,127 - INFO -   seg  38 | w=0.5597 | u_mean=+1.936 u_std=0.048 v_std=0.220 r_std=0.0142
2026-05-16 06:54:51,127 - INFO -   seg  39 | w=1.6942 | u_mean=+2.548 u_std=0.173 v_std=0.156 r_std=0.0042
2026-05-16 06:54:51,127 - INFO -   seg  40 | w=0.3272 | u_mean=+2.623 u_std=0.012 v_std=0.178 r_std=0.0054
2026-05-16 06:54:51,127 - INFO -   seg  41 | w=0.3645 | u_mean=+2.572 u_std=0.020 v_std=0.214 r_std=0.0080
2026-05-16 06:54:51,127 - INFO -   seg  42 | w=0.4220 | u_mean=+2.497 u_std=0.029 v_std=0.237 r_std=0.0108
2026-05-16 06:54:51,127 - INFO -   seg  43 | w=0.4939 | u_mean=+2.418 u_std=0.039 v_std=0.244 r_std=0.0132
2026-05-16 06:54:51,127 - INFO -   seg  44 | w=0.5823 | u_mean=+2.302 u_std=0.050 v_std=0.246 r_std=0.0162
2026-05-16 06:54:51,127 - INFO -   seg  45 | w=0.6612 | u_mean=+2.193 u_std=0.059 v_std=0.240 r_std=0.0183
2026-05-16 06:54:51,127 - INFO -   seg  46 | w=2.0307 | u_mean=+2.842 u_std=0.208 v_std=0.182 r_std=0.0055
2026-05-16 06:54:51,127 - INFO -   seg  47 | w=0.3342 | u_mean=+2.927 u_std=0.013 v_std=0.195 r_std=0.0062
2026-05-16 06:54:51,127 - INFO -   seg  48 | w=0.4431 | u_mean=+2.876 u_std=0.033 v_std=0.220 r_std=0.0091
2026-05-16 06:54:51,127 - INFO -   seg  49 | w=0.5244 | u_mean=+2.794 u_std=0.043 v_std=0.248 r_std=0.0120
2026-05-16 06:54:51,127 - INFO -   seg  50 | w=0.6926 | u_mean=+2.702 u_std=0.064 v_std=0.252 r_std=0.0150
2026-05-16 06:54:51,127 - INFO -   seg  51 | w=0.8094 | u_mean=+2.584 u_std=0.077 v_std=0.255 r_std=0.0179
2026-05-16 06:54:51,127 - INFO -   seg  52 | w=0.9804 | u_mean=+2.453 u_std=0.095 v_std=0.247 r_std=0.0207
2026-05-16 06:54:51,127 - INFO -   seg  53 | w=1.7728 | u_mean=+3.150 u_std=0.181 v_std=0.151 r_std=0.0035
2026-05-16 06:54:51,127 - INFO -   seg  54 | w=0.3603 | u_mean=+3.208 u_std=0.019 v_std=0.194 r_std=0.0070
2026-05-16 06:54:51,127 - INFO -   seg  55 | w=0.4762 | u_mean=+3.147 u_std=0.037 v_std=0.232 r_std=0.0104
2026-05-16 06:54:51,127 - INFO -   seg  56 | w=0.6425 | u_mean=+3.063 u_std=0.058 v_std=0.252 r_std=0.0138
2026-05-16 06:54:51,127 - INFO -   seg  57 | w=0.8407 | u_mean=+2.959 u_std=0.080 v_std=0.260 r_std=0.0171
2026-05-16 06:54:51,127 - INFO -   seg  58 | w=1.0631 | u_mean=+2.833 u_std=0.105 v_std=0.258 r_std=0.0203
2026-05-16 06:54:51,127 - INFO -   seg  59 | w=1.2953 | u_mean=+2.688 u_std=0.129 v_std=0.247 r_std=0.0234
2026-05-16 06:54:51,127 - INFO -   seg  60 | w=1.5745 | u_mean=+3.421 u_std=0.160 v_std=0.163 r_std=0.0054
2026-05-16 06:54:51,127 - INFO -   seg  61 | w=0.3564 | u_mean=+3.454 u_std=0.018 v_std=0.237 r_std=0.0085
2026-05-16 06:54:51,127 - INFO -   seg  62 | w=0.4777 | u_mean=+3.391 u_std=0.037 v_std=0.256 r_std=0.0121
2026-05-16 06:54:51,127 - INFO -   seg  63 | w=0.6373 | u_mean=+3.297 u_std=0.057 v_std=0.279 r_std=0.0158
2026-05-16 06:54:51,127 - INFO -   seg  64 | w=0.8631 | u_mean=+3.182 u_std=0.083 v_std=0.283 r_std=0.0196
2026-05-16 06:54:51,127 - INFO -   seg  65 | w=1.0935 | u_mean=+3.043 u_std=0.108 v_std=0.280 r_std=0.0232
2026-05-16 06:54:51,127 - INFO -   seg  66 | w=1.3562 | u_mean=+2.883 u_std=0.136 v_std=0.267 r_std=0.0266
2026-05-16 06:54:51,127 - INFO -   seg  67 | w=1.8344 | u_mean=+3.644 u_std=0.187 v_std=0.220 r_std=0.0074
2026-05-16 06:54:51,127 - INFO -   seg  68 | w=0.3766 | u_mean=+3.690 u_std=0.022 v_std=0.254 r_std=0.0092
2026-05-16 06:54:51,127 - INFO -   seg  69 | w=0.5520 | u_mean=+3.613 u_std=0.047 v_std=0.280 r_std=0.0136
2026-05-16 06:54:51,127 - INFO -   seg  70 | w=0.7566 | u_mean=+3.505 u_std=0.071 v_std=0.297 r_std=0.0181
2026-05-16 06:54:51,127 - INFO -   seg  71 | w=0.9758 | u_mean=+3.372 u_std=0.095 v_std=0.299 r_std=0.0226
2026-05-16 06:54:51,127 - INFO -   seg  72 | w=1.1473 | u_mean=+3.217 u_std=0.113 v_std=0.291 r_std=0.0268
2026-05-16 06:54:51,127 - INFO -   seg  73 | w=1.2646 | u_mean=+3.033 u_std=0.125 v_std=0.278 r_std=0.0302
2026-05-16 06:54:51,127 - INFO -   seg  74 | w=2.2558 | u_mean=+3.845 u_std=0.232 v_std=0.247 r_std=0.0090
2026-05-16 06:54:51,127 - INFO -   seg  75 | w=0.3917 | u_mean=+3.912 u_std=0.024 v_std=0.262 r_std=0.0100
2026-05-16 06:54:51,127 - INFO -   seg  76 | w=0.5602 | u_mean=+3.823 u_std=0.048 v_std=0.300 r_std=0.0150
2026-05-16 06:54:51,127 - INFO -   seg  77 | w=0.7726 | u_mean=+3.702 u_std=0.072 v_std=0.318 r_std=0.0199
2026-05-16 06:54:51,127 - INFO -   seg  78 | w=1.0170 | u_mean=+3.554 u_std=0.099 v_std=0.318 r_std=0.0247
2026-05-16 06:54:51,127 - INFO -   seg  79 | w=1.2916 | u_mean=+3.378 u_std=0.128 v_std=0.306 r_std=0.0294
2026-05-16 06:54:51,127 - INFO -   seg  80 | w=1.5898 | u_mean=+3.179 u_std=0.160 v_std=0.282 r_std=0.0339
2026-05-16 06:54:51,127 - INFO -   seg  81 | w=1.7155 | u_mean=+4.098 u_std=0.175 v_std=0.203 r_std=0.0068
2026-05-16 06:54:51,127 - INFO -   seg  82 | w=0.4137 | u_mean=+4.123 u_std=0.028 v_std=0.264 r_std=0.0109
2026-05-16 06:54:51,127 - INFO -   seg  83 | w=0.5604 | u_mean=+4.021 u_std=0.047 v_std=0.320 r_std=0.0165
2026-05-16 06:54:51,127 - INFO -   seg  84 | w=0.7672 | u_mean=+3.887 u_std=0.071 v_std=0.337 r_std=0.0220
2026-05-16 06:54:51,127 - INFO -   seg  85 | w=1.0148 | u_mean=+3.723 u_std=0.098 v_std=0.333 r_std=0.0273
2026-05-16 06:54:51,127 - INFO -   seg  86 | w=1.2837 | u_mean=+3.532 u_std=0.127 v_std=0.315 r_std=0.0324
2026-05-16 06:54:51,128 - INFO -   seg  87 | w=1.5737 | u_mean=+3.313 u_std=0.158 v_std=0.287 r_std=0.0373
2026-05-16 06:54:51,128 - INFO -   seg  88 | w=1.5582 | u_mean=+3.187 u_std=0.158 v_std=0.267 r_std=0.0196
2026-05-16 06:54:51,128 - INFO -   seg  89 | w=1.3435 | u_mean=+3.272 u_std=0.135 v_std=0.265 r_std=0.0163
2026-05-16 06:54:51,128 - INFO -   seg  90 | w=0.3050 | u_mean=-0.000 u_std=0.000 v_std=0.008 r_std=0.0005
2026-05-16 06:54:51,128 - INFO -   seg  91 | w=0.3050 | u_mean=-0.000 u_std=0.000 v_std=0.004 r_std=0.0002
2026-05-16 06:54:51,128 - INFO -   seg  92 | w=0.3050 | u_mean=-0.000 u_std=0.000 v_std=0.004 r_std=0.0002
2026-05-16 06:54:51,128 - INFO -   seg  93 | w=0.3050 | u_mean=-0.000 u_std=0.000 v_std=0.004 r_std=0.0002
2026-05-16 06:54:51,128 - INFO -   seg  94 | w=0.3050 | u_mean=-0.000 u_std=0.000 v_std=0.004 r_std=0.0002
2026-05-16 06:54:51,128 - INFO -   seg  95 | w=0.3050 | u_mean=-0.000 u_std=0.000 v_std=0.004 r_std=0.0002
2026-05-16 06:54:51,128 - INFO -   seg  96 | w=0.3050 | u_mean=-0.001 u_std=0.000 v_std=0.004 r_std=0.0002
2026-05-16 06:54:51,128 - INFO -   seg  97 | w=0.3050 | u_mean=-0.001 u_std=0.000 v_std=0.004 r_std=0.0002
2026-05-16 06:54:51,128 - INFO -   seg  98 | w=0.3050 | u_mean=-0.001 u_std=0.000 v_std=0.004 r_std=0.0002
2026-05-16 06:54:59,582 - INFO - [composite_v3a] cached v1 baseline val vel_err@K=12, n=8192, mean=0.01776
2026-05-16 06:54:59,586 - INFO - Epoch [013/60] pl=12 LR=2.73e-04 Ltot=0.0027 (vel=0.0023, acc=0.0007, lin=1.3400, stab=0.0000, bias=0.0001) | val_vel_mean=0.11028 @K=0.15662 u@K=0.15464 v@K=0.02480 slope=0.628 inst=0.976 deg%=98.18 cV3a=0.55240 spec=0.996 | 8.4s
2026-05-16 06:54:59,592 - INFO -   ↳ new best [composite_v3a]=0.552405 (vel_rmse_mean=0.110281, inst=0.975946, slope=0.6278, deg%=98.18, epoch 13)
2026-05-16 06:55:09,270 - INFO - Epoch [014/60] pl=12 LR=2.06e-04 Ltot=0.0027 (vel=0.0022, acc=0.0007, lin=1.3267, stab=0.0000, bias=0.0001) | val_vel_mean=0.08963 @K=0.12706 u@K=0.12567 v@K=0.01871 slope=0.621 inst=0.969 deg%=97.89 cV3a=0.44766 spec=0.996 | 9.7s
2026-05-16 06:55:09,277 - INFO -   ↳ new best [composite_v3a]=0.447663 (vel_rmse_mean=0.0896328, inst=0.968511, slope=0.6209, deg%=97.89, epoch 14)
2026-05-16 06:55:18,101 - INFO - Epoch [015/60] pl=12 LR=1.46e-04 Ltot=0.0027 (vel=0.0022, acc=0.0007, lin=1.3119, stab=0.0000, bias=0.0001) | val_vel_mean=0.07311 @K=0.10363 u@K=0.10267 v@K=0.01412 slope=0.617 inst=0.964 deg%=97.58 cV3a=0.36405 spec=0.998 | 8.8s
2026-05-16 06:55:18,106 - INFO -   ↳ new best [composite_v3a]=0.364048 (vel_rmse_mean=0.0731144, inst=0.964039, slope=0.6166, deg%=97.58, epoch 15)
2026-05-16 06:55:18,106 - INFO - [Curriculum] pred_len -> 14; rebuilding dataloaders...
2026-05-16 06:55:18,153 - INFO - Dataset[TRAIN] koopman_train_merged.npz | segments=99 | samples=196515 | pred_len=14 | stride=1
2026-05-16 06:55:18,159 - INFO - Dataset[VAL] koopman_val.npz | segments=3 | samples=35955 | pred_len=14 | stride=1
2026-05-16 06:55:18,173 - INFO - [seg_resample] mode=u_var_r_var alpha=0.5 | n_segments=99 | w min=0.3050 max=9.3973 mean=1.0382 std=1.2981
2026-05-16 06:55:18,173 - INFO -   seg   0 | w=2.7787 | u_mean=+0.544 u_std=0.286 v_std=0.000 r_std=0.0000
2026-05-16 06:55:18,173 - INFO -   seg   1 | w=2.2949 | u_mean=+1.521 u_std=0.236 v_std=0.000 r_std=0.0000
2026-05-16 06:55:18,173 - INFO -   seg   2 | w=1.3119 | u_mean=+2.149 u_std=0.132 v_std=0.000 r_std=0.0000
2026-05-16 06:55:18,173 - INFO -   seg   3 | w=0.9922 | u_mean=+2.560 u_std=0.098 v_std=0.000 r_std=0.0000
2026-05-16 06:55:18,173 - INFO -   seg   4 | w=0.8503 | u_mean=+2.897 u_std=0.082 v_std=0.000 r_std=0.0000
2026-05-16 06:55:18,173 - INFO -   seg   5 | w=0.7625 | u_mean=+3.194 u_std=0.072 v_std=0.000 r_std=0.0000
2026-05-16 06:55:18,173 - INFO -   seg   6 | w=0.6992 | u_mean=+3.463 u_std=0.065 v_std=0.000 r_std=0.0000
2026-05-16 06:55:18,173 - INFO -   seg   7 | w=0.6509 | u_mean=+3.712 u_std=0.060 v_std=0.000 r_std=0.0000
2026-05-16 06:55:18,173 - INFO -   seg   8 | w=0.6125 | u_mean=+3.944 u_std=0.055 v_std=0.000 r_std=0.0000
2026-05-16 06:55:18,173 - INFO -   seg   9 | w=0.5813 | u_mean=+4.163 u_std=0.051 v_std=0.000 r_std=0.0000
2026-05-16 06:55:18,173 - INFO -   seg  10 | w=9.3973 | u_mean=+1.523 u_std=0.974 v_std=0.000 r_std=0.0000
2026-05-16 06:55:18,173 - INFO -   seg  11 | w=5.6295 | u_mean=-0.831 u_std=0.583 v_std=0.000 r_std=0.0000
2026-05-16 06:55:18,173 - INFO -   seg  12 | w=1.7870 | u_mean=-2.105 u_std=0.183 v_std=0.000 r_std=0.0000
2026-05-16 06:55:18,173 - INFO -   seg  13 | w=0.9823 | u_mean=-2.570 u_std=0.097 v_std=0.000 r_std=0.0000
2026-05-16 06:55:18,173 - INFO -   seg  14 | w=0.8356 | u_mean=-2.905 u_std=0.081 v_std=0.000 r_std=0.0000
2026-05-16 06:55:18,173 - INFO -   seg  15 | w=0.7497 | u_mean=-3.200 u_std=0.071 v_std=0.000 r_std=0.0000
2026-05-16 06:55:18,173 - INFO -   seg  16 | w=6.1689 | u_mean=-1.167 u_std=0.639 v_std=0.035 r_std=0.0005
2026-05-16 06:55:18,173 - INFO -   seg  17 | w=0.7900 | u_mean=-0.379 u_std=0.076 v_std=0.005 r_std=0.0002
2026-05-16 06:55:18,173 - INFO -   seg  18 | w=0.4496 | u_mean=-0.206 u_std=0.034 v_std=0.004 r_std=0.0002
2026-05-16 06:55:18,174 - INFO -   seg  19 | w=0.3752 | u_mean=-0.111 u_std=0.023 v_std=0.004 r_std=0.0002
2026-05-16 06:55:18,174 - INFO -   seg  20 | w=0.3436 | u_mean=-0.045 u_std=0.016 v_std=0.004 r_std=0.0002
2026-05-16 06:55:18,174 - INFO -   seg  21 | w=0.3178 | u_mean=-0.000 u_std=0.009 v_std=0.005 r_std=0.0002
2026-05-16 06:55:18,174 - INFO -   seg  22 | w=0.3053 | u_mean=+0.014 u_std=0.001 v_std=0.003 r_std=0.0002
2026-05-16 06:55:18,174 - INFO -   seg  23 | w=0.3084 | u_mean=+0.002 u_std=0.005 v_std=0.005 r_std=0.0002
2026-05-16 06:55:18,174 - INFO -   seg  24 | w=0.3052 | u_mean=-0.005 u_std=0.001 v_std=0.006 r_std=0.0002
2026-05-16 06:55:18,174 - INFO -   seg  25 | w=5.0397 | u_mean=+1.430 u_std=0.522 v_std=0.047 r_std=0.0030
2026-05-16 06:55:18,174 - INFO -   seg  26 | w=0.3099 | u_mean=+1.867 u_std=0.005 v_std=0.104 r_std=0.0028
2026-05-16 06:55:18,174 - INFO -   seg  27 | w=0.3266 | u_mean=+1.842 u_std=0.012 v_std=0.133 r_std=0.0042
2026-05-16 06:55:18,174 - INFO -   seg  28 | w=0.3473 | u_mean=+1.804 u_std=0.017 v_std=0.153 r_std=0.0056
2026-05-16 06:55:18,174 - INFO -   seg  29 | w=0.3743 | u_mean=+1.755 u_std=0.022 v_std=0.167 r_std=0.0069
2026-05-16 06:55:18,174 - INFO -   seg  30 | w=0.4066 | u_mean=+1.697 u_std=0.027 v_std=0.176 r_std=0.0082
2026-05-16 06:55:18,174 - INFO -   seg  31 | w=0.4421 | u_mean=+1.629 u_std=0.033 v_std=0.181 r_std=0.0094
2026-05-16 06:55:18,174 - INFO -   seg  32 | w=1.7838 | u_mean=+2.182 u_std=0.182 v_std=0.124 r_std=0.0029
2026-05-16 06:55:18,174 - INFO -   seg  33 | w=0.3227 | u_mean=+2.281 u_std=0.011 v_std=0.124 r_std=0.0039
2026-05-16 06:55:18,174 - INFO -   seg  34 | w=0.3518 | u_mean=+2.241 u_std=0.018 v_std=0.173 r_std=0.0063
2026-05-16 06:55:18,174 - INFO -   seg  35 | w=0.3831 | u_mean=+2.183 u_std=0.023 v_std=0.204 r_std=0.0084
2026-05-16 06:55:18,174 - INFO -   seg  36 | w=0.4317 | u_mean=+2.114 u_std=0.031 v_std=0.216 r_std=0.0104
2026-05-16 06:55:18,174 - INFO -   seg  37 | w=0.4914 | u_mean=+2.031 u_std=0.039 v_std=0.221 r_std=0.0123
2026-05-16 06:55:18,174 - INFO -   seg  38 | w=0.5597 | u_mean=+1.936 u_std=0.048 v_std=0.220 r_std=0.0142
2026-05-16 06:55:18,174 - INFO -   seg  39 | w=1.6943 | u_mean=+2.548 u_std=0.173 v_std=0.156 r_std=0.0042
2026-05-16 06:55:18,174 - INFO -   seg  40 | w=0.3272 | u_mean=+2.623 u_std=0.012 v_std=0.178 r_std=0.0054
2026-05-16 06:55:18,174 - INFO -   seg  41 | w=0.3645 | u_mean=+2.572 u_std=0.020 v_std=0.214 r_std=0.0080
2026-05-16 06:55:18,174 - INFO -   seg  42 | w=0.4220 | u_mean=+2.497 u_std=0.029 v_std=0.237 r_std=0.0108
2026-05-16 06:55:18,174 - INFO -   seg  43 | w=0.4940 | u_mean=+2.418 u_std=0.039 v_std=0.244 r_std=0.0132
2026-05-16 06:55:18,174 - INFO -   seg  44 | w=0.5823 | u_mean=+2.302 u_std=0.050 v_std=0.246 r_std=0.0162
2026-05-16 06:55:18,174 - INFO -   seg  45 | w=0.6612 | u_mean=+2.193 u_std=0.059 v_std=0.240 r_std=0.0183
2026-05-16 06:55:18,174 - INFO -   seg  46 | w=2.0308 | u_mean=+2.842 u_std=0.208 v_std=0.182 r_std=0.0055
2026-05-16 06:55:18,174 - INFO -   seg  47 | w=0.3343 | u_mean=+2.927 u_std=0.013 v_std=0.195 r_std=0.0062
2026-05-16 06:55:18,174 - INFO -   seg  48 | w=0.4431 | u_mean=+2.876 u_std=0.033 v_std=0.220 r_std=0.0091
2026-05-16 06:55:18,174 - INFO -   seg  49 | w=0.5244 | u_mean=+2.794 u_std=0.043 v_std=0.248 r_std=0.0120
2026-05-16 06:55:18,174 - INFO -   seg  50 | w=0.6926 | u_mean=+2.702 u_std=0.064 v_std=0.252 r_std=0.0150
2026-05-16 06:55:18,174 - INFO -   seg  51 | w=0.8095 | u_mean=+2.584 u_std=0.077 v_std=0.255 r_std=0.0179
2026-05-16 06:55:18,174 - INFO -   seg  52 | w=0.9804 | u_mean=+2.453 u_std=0.095 v_std=0.247 r_std=0.0207
2026-05-16 06:55:18,174 - INFO -   seg  53 | w=1.7729 | u_mean=+3.150 u_std=0.181 v_std=0.151 r_std=0.0035
2026-05-16 06:55:18,174 - INFO -   seg  54 | w=0.3603 | u_mean=+3.208 u_std=0.019 v_std=0.194 r_std=0.0070
2026-05-16 06:55:18,174 - INFO -   seg  55 | w=0.4763 | u_mean=+3.147 u_std=0.037 v_std=0.232 r_std=0.0104
2026-05-16 06:55:18,174 - INFO -   seg  56 | w=0.6426 | u_mean=+3.063 u_std=0.058 v_std=0.252 r_std=0.0138
2026-05-16 06:55:18,174 - INFO -   seg  57 | w=0.8407 | u_mean=+2.959 u_std=0.080 v_std=0.260 r_std=0.0171
2026-05-16 06:55:18,174 - INFO -   seg  58 | w=1.0631 | u_mean=+2.833 u_std=0.105 v_std=0.258 r_std=0.0203
2026-05-16 06:55:18,174 - INFO -   seg  59 | w=1.2954 | u_mean=+2.688 u_std=0.129 v_std=0.247 r_std=0.0234
2026-05-16 06:55:18,174 - INFO -   seg  60 | w=1.5746 | u_mean=+3.421 u_std=0.160 v_std=0.163 r_std=0.0054
2026-05-16 06:55:18,174 - INFO -   seg  61 | w=0.3564 | u_mean=+3.454 u_std=0.018 v_std=0.237 r_std=0.0085
2026-05-16 06:55:18,174 - INFO -   seg  62 | w=0.4777 | u_mean=+3.391 u_std=0.037 v_std=0.256 r_std=0.0121
2026-05-16 06:55:18,174 - INFO -   seg  63 | w=0.6373 | u_mean=+3.297 u_std=0.057 v_std=0.279 r_std=0.0158
2026-05-16 06:55:18,174 - INFO -   seg  64 | w=0.8631 | u_mean=+3.182 u_std=0.083 v_std=0.283 r_std=0.0196
2026-05-16 06:55:18,174 - INFO -   seg  65 | w=1.0936 | u_mean=+3.043 u_std=0.108 v_std=0.280 r_std=0.0232
2026-05-16 06:55:18,174 - INFO -   seg  66 | w=1.3563 | u_mean=+2.883 u_std=0.136 v_std=0.267 r_std=0.0266
2026-05-16 06:55:18,174 - INFO -   seg  67 | w=1.8345 | u_mean=+3.644 u_std=0.187 v_std=0.220 r_std=0.0074
2026-05-16 06:55:18,174 - INFO -   seg  68 | w=0.3766 | u_mean=+3.690 u_std=0.022 v_std=0.254 r_std=0.0092
2026-05-16 06:55:18,174 - INFO -   seg  69 | w=0.5520 | u_mean=+3.613 u_std=0.047 v_std=0.280 r_std=0.0136
2026-05-16 06:55:18,174 - INFO -   seg  70 | w=0.7566 | u_mean=+3.505 u_std=0.071 v_std=0.297 r_std=0.0181
2026-05-16 06:55:18,174 - INFO -   seg  71 | w=0.9758 | u_mean=+3.372 u_std=0.095 v_std=0.299 r_std=0.0226
2026-05-16 06:55:18,174 - INFO -   seg  72 | w=1.1474 | u_mean=+3.217 u_std=0.113 v_std=0.291 r_std=0.0268
2026-05-16 06:55:18,174 - INFO -   seg  73 | w=1.2646 | u_mean=+3.033 u_std=0.125 v_std=0.278 r_std=0.0302
2026-05-16 06:55:18,174 - INFO -   seg  74 | w=2.2559 | u_mean=+3.845 u_std=0.232 v_std=0.247 r_std=0.0090
2026-05-16 06:55:18,174 - INFO -   seg  75 | w=0.3917 | u_mean=+3.912 u_std=0.024 v_std=0.262 r_std=0.0100
2026-05-16 06:55:18,174 - INFO -   seg  76 | w=0.5603 | u_mean=+3.823 u_std=0.048 v_std=0.300 r_std=0.0150
2026-05-16 06:55:18,174 - INFO -   seg  77 | w=0.7727 | u_mean=+3.702 u_std=0.072 v_std=0.318 r_std=0.0199
2026-05-16 06:55:18,174 - INFO -   seg  78 | w=1.0170 | u_mean=+3.554 u_std=0.099 v_std=0.318 r_std=0.0247
2026-05-16 06:55:18,174 - INFO -   seg  79 | w=1.2916 | u_mean=+3.378 u_std=0.128 v_std=0.306 r_std=0.0294
2026-05-16 06:55:18,174 - INFO -   seg  80 | w=1.5898 | u_mean=+3.179 u_std=0.160 v_std=0.282 r_std=0.0339
2026-05-16 06:55:18,174 - INFO -   seg  81 | w=1.7156 | u_mean=+4.098 u_std=0.175 v_std=0.203 r_std=0.0068
2026-05-16 06:55:18,174 - INFO -   seg  82 | w=0.4137 | u_mean=+4.123 u_std=0.028 v_std=0.264 r_std=0.0109
2026-05-16 06:55:18,174 - INFO -   seg  83 | w=0.5604 | u_mean=+4.021 u_std=0.047 v_std=0.320 r_std=0.0165
2026-05-16 06:55:18,174 - INFO -   seg  84 | w=0.7672 | u_mean=+3.887 u_std=0.071 v_std=0.337 r_std=0.0220
2026-05-16 06:55:18,174 - INFO -   seg  85 | w=1.0148 | u_mean=+3.723 u_std=0.098 v_std=0.333 r_std=0.0273
2026-05-16 06:55:18,174 - INFO -   seg  86 | w=1.2837 | u_mean=+3.532 u_std=0.127 v_std=0.315 r_std=0.0324
2026-05-16 06:55:18,175 - INFO -   seg  87 | w=1.5738 | u_mean=+3.313 u_std=0.158 v_std=0.287 r_std=0.0373
2026-05-16 06:55:18,175 - INFO -   seg  88 | w=1.5583 | u_mean=+3.187 u_std=0.158 v_std=0.267 r_std=0.0196
2026-05-16 06:55:18,175 - INFO -   seg  89 | w=1.3435 | u_mean=+3.272 u_std=0.135 v_std=0.265 r_std=0.0163
2026-05-16 06:55:18,175 - INFO -   seg  90 | w=0.3050 | u_mean=-0.000 u_std=0.000 v_std=0.008 r_std=0.0005
2026-05-16 06:55:18,175 - INFO -   seg  91 | w=0.3050 | u_mean=-0.000 u_std=0.000 v_std=0.004 r_std=0.0002
2026-05-16 06:55:18,175 - INFO -   seg  92 | w=0.3050 | u_mean=-0.000 u_std=0.000 v_std=0.004 r_std=0.0002
2026-05-16 06:55:18,175 - INFO -   seg  93 | w=0.3050 | u_mean=-0.000 u_std=0.000 v_std=0.004 r_std=0.0002
2026-05-16 06:55:18,175 - INFO -   seg  94 | w=0.3050 | u_mean=-0.000 u_std=0.000 v_std=0.004 r_std=0.0002
2026-05-16 06:55:18,175 - INFO -   seg  95 | w=0.3050 | u_mean=-0.000 u_std=0.000 v_std=0.004 r_std=0.0002
2026-05-16 06:55:18,175 - INFO -   seg  96 | w=0.3050 | u_mean=-0.001 u_std=0.000 v_std=0.004 r_std=0.0002
2026-05-16 06:55:18,175 - INFO -   seg  97 | w=0.3050 | u_mean=-0.001 u_std=0.000 v_std=0.004 r_std=0.0002
2026-05-16 06:55:18,175 - INFO -   seg  98 | w=0.3050 | u_mean=-0.001 u_std=0.000 v_std=0.004 r_std=0.0002
2026-05-16 06:55:26,537 - INFO - [composite_v3a] cached v1 baseline val vel_err@K=14, n=8192, mean=0.02056
2026-05-16 06:55:26,540 - INFO - Epoch [016/60] pl=14 LR=9.55e-05 Ltot=0.0028 (vel=0.0023, acc=0.0007, lin=1.4092, stab=0.0000, bias=0.0001) | val_vel_mean=0.06400 @K=0.09007 u@K=0.08943 v@K=0.01074 slope=0.594 inst=0.974 deg%=96.91 cV3a=0.31651 spec=0.996 | 8.3s
2026-05-16 06:55:26,545 - INFO -   ↳ new best [composite_v3a]=0.31651 (vel_rmse_mean=0.0639986, inst=0.97394, slope=0.5943, deg%=96.91, epoch 16)
2026-05-16 06:55:35,248 - INFO - Epoch [017/60] pl=14 LR=5.45e-05 Ltot=0.0027 (vel=0.0023, acc=0.0006, lin=1.3928, stab=0.0000, bias=0.0001) | val_vel_mean=0.05260 @K=0.07440 u@K=0.07395 v@K=0.00816 slope=0.596 inst=0.976 deg%=95.91 cV3a=0.25752 spec=0.996 | 8.7s
2026-05-16 06:55:35,252 - INFO -   ↳ new best [composite_v3a]=0.25752 (vel_rmse_mean=0.052603, inst=0.976238, slope=0.5963, deg%=95.91, epoch 17)
2026-05-16 06:55:44,406 - INFO - Epoch [018/60] pl=14 LR=2.45e-05 Ltot=0.0027 (vel=0.0023, acc=0.0006, lin=1.3931, stab=0.0000, bias=0.0000) | val_vel_mean=0.04349 @K=0.06205 u@K=0.06171 v@K=0.00658 slope=0.602 inst=0.983 deg%=81.91 cV3a=0.18245 spec=0.997 | 9.2s
2026-05-16 06:55:44,413 - INFO -   ↳ new best [composite_v3a]=0.182453 (vel_rmse_mean=0.0434881, inst=0.983155, slope=0.6021, deg%=81.91, epoch 18)
2026-05-16 06:55:44,413 - INFO - [Curriculum] pred_len -> 16; rebuilding dataloaders...
2026-05-16 06:55:44,470 - INFO - Dataset[TRAIN] koopman_train_merged.npz | segments=99 | samples=196317 | pred_len=16 | stride=1
2026-05-16 06:55:44,477 - INFO - Dataset[VAL] koopman_val.npz | segments=3 | samples=35949 | pred_len=16 | stride=1
2026-05-16 06:55:44,491 - INFO - [seg_resample] mode=u_var_r_var alpha=0.5 | n_segments=99 | w min=0.3050 max=9.3977 mean=1.0383 std=1.2981
2026-05-16 06:55:44,491 - INFO -   seg   0 | w=2.7788 | u_mean=+0.544 u_std=0.286 v_std=0.000 r_std=0.0000
2026-05-16 06:55:44,491 - INFO -   seg   1 | w=2.2950 | u_mean=+1.521 u_std=0.236 v_std=0.000 r_std=0.0000
2026-05-16 06:55:44,491 - INFO -   seg   2 | w=1.3119 | u_mean=+2.149 u_std=0.132 v_std=0.000 r_std=0.0000
2026-05-16 06:55:44,491 - INFO -   seg   3 | w=0.9923 | u_mean=+2.560 u_std=0.098 v_std=0.000 r_std=0.0000
2026-05-16 06:55:44,491 - INFO -   seg   4 | w=0.8504 | u_mean=+2.897 u_std=0.082 v_std=0.000 r_std=0.0000
2026-05-16 06:55:44,491 - INFO -   seg   5 | w=0.7625 | u_mean=+3.194 u_std=0.072 v_std=0.000 r_std=0.0000
2026-05-16 06:55:44,491 - INFO -   seg   6 | w=0.6992 | u_mean=+3.463 u_std=0.065 v_std=0.000 r_std=0.0000
2026-05-16 06:55:44,491 - INFO -   seg   7 | w=0.6509 | u_mean=+3.712 u_std=0.060 v_std=0.000 r_std=0.0000
2026-05-16 06:55:44,491 - INFO -   seg   8 | w=0.6126 | u_mean=+3.944 u_std=0.055 v_std=0.000 r_std=0.0000
2026-05-16 06:55:44,491 - INFO -   seg   9 | w=0.5813 | u_mean=+4.163 u_std=0.051 v_std=0.000 r_std=0.0000
2026-05-16 06:55:44,491 - INFO -   seg  10 | w=9.3977 | u_mean=+1.523 u_std=0.974 v_std=0.000 r_std=0.0000
2026-05-16 06:55:44,491 - INFO -   seg  11 | w=5.6297 | u_mean=-0.831 u_std=0.583 v_std=0.000 r_std=0.0000
2026-05-16 06:55:44,491 - INFO -   seg  12 | w=1.7871 | u_mean=-2.105 u_std=0.183 v_std=0.000 r_std=0.0000
2026-05-16 06:55:44,491 - INFO -   seg  13 | w=0.9823 | u_mean=-2.570 u_std=0.097 v_std=0.000 r_std=0.0000
2026-05-16 06:55:44,492 - INFO -   seg  14 | w=0.8357 | u_mean=-2.905 u_std=0.081 v_std=0.000 r_std=0.0000
2026-05-16 06:55:44,492 - INFO -   seg  15 | w=0.7497 | u_mean=-3.200 u_std=0.071 v_std=0.000 r_std=0.0000
2026-05-16 06:55:44,492 - INFO -   seg  16 | w=6.1692 | u_mean=-1.167 u_std=0.639 v_std=0.035 r_std=0.0005
2026-05-16 06:55:44,492 - INFO -   seg  17 | w=0.7900 | u_mean=-0.379 u_std=0.076 v_std=0.005 r_std=0.0002
2026-05-16 06:55:44,492 - INFO -   seg  18 | w=0.4496 | u_mean=-0.206 u_std=0.034 v_std=0.004 r_std=0.0002
2026-05-16 06:55:44,492 - INFO -   seg  19 | w=0.3752 | u_mean=-0.111 u_std=0.023 v_std=0.004 r_std=0.0002
2026-05-16 06:55:44,492 - INFO -   seg  20 | w=0.3437 | u_mean=-0.045 u_std=0.016 v_std=0.004 r_std=0.0002
2026-05-16 06:55:44,492 - INFO -   seg  21 | w=0.3178 | u_mean=-0.000 u_std=0.009 v_std=0.005 r_std=0.0002
2026-05-16 06:55:44,492 - INFO -   seg  22 | w=0.3053 | u_mean=+0.014 u_std=0.001 v_std=0.003 r_std=0.0002
2026-05-16 06:55:44,492 - INFO -   seg  23 | w=0.3084 | u_mean=+0.002 u_std=0.005 v_std=0.005 r_std=0.0002
2026-05-16 06:55:44,492 - INFO -   seg  24 | w=0.3052 | u_mean=-0.005 u_std=0.001 v_std=0.006 r_std=0.0002
2026-05-16 06:55:44,492 - INFO -   seg  25 | w=5.0398 | u_mean=+1.430 u_std=0.522 v_std=0.047 r_std=0.0030
2026-05-16 06:55:44,492 - INFO -   seg  26 | w=0.3099 | u_mean=+1.867 u_std=0.005 v_std=0.104 r_std=0.0028
2026-05-16 06:55:44,492 - INFO -   seg  27 | w=0.3266 | u_mean=+1.842 u_std=0.012 v_std=0.133 r_std=0.0042
2026-05-16 06:55:44,492 - INFO -   seg  28 | w=0.3473 | u_mean=+1.804 u_std=0.017 v_std=0.153 r_std=0.0056
2026-05-16 06:55:44,492 - INFO -   seg  29 | w=0.3743 | u_mean=+1.755 u_std=0.022 v_std=0.167 r_std=0.0069
2026-05-16 06:55:44,492 - INFO -   seg  30 | w=0.4066 | u_mean=+1.697 u_std=0.027 v_std=0.176 r_std=0.0082
2026-05-16 06:55:44,492 - INFO -   seg  31 | w=0.4421 | u_mean=+1.629 u_std=0.033 v_std=0.181 r_std=0.0094
2026-05-16 06:55:44,492 - INFO -   seg  32 | w=1.7838 | u_mean=+2.182 u_std=0.182 v_std=0.124 r_std=0.0029
2026-05-16 06:55:44,492 - INFO -   seg  33 | w=0.3227 | u_mean=+2.281 u_std=0.011 v_std=0.124 r_std=0.0039
2026-05-16 06:55:44,492 - INFO -   seg  34 | w=0.3518 | u_mean=+2.241 u_std=0.018 v_std=0.173 r_std=0.0063
2026-05-16 06:55:44,492 - INFO -   seg  35 | w=0.3832 | u_mean=+2.183 u_std=0.023 v_std=0.204 r_std=0.0084
2026-05-16 06:55:44,492 - INFO -   seg  36 | w=0.4318 | u_mean=+2.114 u_std=0.031 v_std=0.216 r_std=0.0104
2026-05-16 06:55:44,492 - INFO -   seg  37 | w=0.4914 | u_mean=+2.031 u_std=0.039 v_std=0.221 r_std=0.0123
2026-05-16 06:55:44,492 - INFO -   seg  38 | w=0.5597 | u_mean=+1.936 u_std=0.048 v_std=0.220 r_std=0.0142
2026-05-16 06:55:44,492 - INFO -   seg  39 | w=1.6944 | u_mean=+2.548 u_std=0.173 v_std=0.156 r_std=0.0042
2026-05-16 06:55:44,492 - INFO -   seg  40 | w=0.3272 | u_mean=+2.623 u_std=0.012 v_std=0.178 r_std=0.0054
2026-05-16 06:55:44,492 - INFO -   seg  41 | w=0.3645 | u_mean=+2.572 u_std=0.020 v_std=0.214 r_std=0.0080
2026-05-16 06:55:44,492 - INFO -   seg  42 | w=0.4220 | u_mean=+2.497 u_std=0.029 v_std=0.237 r_std=0.0108
2026-05-16 06:55:44,492 - INFO -   seg  43 | w=0.4940 | u_mean=+2.418 u_std=0.039 v_std=0.244 r_std=0.0132
2026-05-16 06:55:44,492 - INFO -   seg  44 | w=0.5823 | u_mean=+2.302 u_std=0.050 v_std=0.246 r_std=0.0162
2026-05-16 06:55:44,492 - INFO -   seg  45 | w=0.6613 | u_mean=+2.193 u_std=0.059 v_std=0.240 r_std=0.0183
2026-05-16 06:55:44,492 - INFO -   seg  46 | w=2.0309 | u_mean=+2.842 u_std=0.208 v_std=0.182 r_std=0.0055
2026-05-16 06:55:44,492 - INFO -   seg  47 | w=0.3343 | u_mean=+2.927 u_std=0.013 v_std=0.195 r_std=0.0062
2026-05-16 06:55:44,492 - INFO -   seg  48 | w=0.4431 | u_mean=+2.876 u_std=0.033 v_std=0.220 r_std=0.0091
2026-05-16 06:55:44,492 - INFO -   seg  49 | w=0.5244 | u_mean=+2.794 u_std=0.043 v_std=0.248 r_std=0.0120
2026-05-16 06:55:44,492 - INFO -   seg  50 | w=0.6927 | u_mean=+2.702 u_std=0.064 v_std=0.252 r_std=0.0150
2026-05-16 06:55:44,492 - INFO -   seg  51 | w=0.8095 | u_mean=+2.584 u_std=0.077 v_std=0.255 r_std=0.0179
2026-05-16 06:55:44,492 - INFO -   seg  52 | w=0.9804 | u_mean=+2.453 u_std=0.095 v_std=0.247 r_std=0.0207
2026-05-16 06:55:44,492 - INFO -   seg  53 | w=1.7730 | u_mean=+3.150 u_std=0.181 v_std=0.151 r_std=0.0035
2026-05-16 06:55:44,492 - INFO -   seg  54 | w=0.3603 | u_mean=+3.208 u_std=0.019 v_std=0.194 r_std=0.0070
2026-05-16 06:55:44,492 - INFO -   seg  55 | w=0.4763 | u_mean=+3.147 u_std=0.037 v_std=0.232 r_std=0.0104
2026-05-16 06:55:44,492 - INFO -   seg  56 | w=0.6426 | u_mean=+3.063 u_std=0.058 v_std=0.252 r_std=0.0138
2026-05-16 06:55:44,492 - INFO -   seg  57 | w=0.8408 | u_mean=+2.959 u_std=0.080 v_std=0.260 r_std=0.0171
2026-05-16 06:55:44,492 - INFO -   seg  58 | w=1.0631 | u_mean=+2.833 u_std=0.105 v_std=0.258 r_std=0.0203
2026-05-16 06:55:44,492 - INFO -   seg  59 | w=1.2954 | u_mean=+2.688 u_std=0.129 v_std=0.247 r_std=0.0234
2026-05-16 06:55:44,492 - INFO -   seg  60 | w=1.5746 | u_mean=+3.421 u_std=0.160 v_std=0.163 r_std=0.0054
2026-05-16 06:55:44,492 - INFO -   seg  61 | w=0.3564 | u_mean=+3.454 u_std=0.018 v_std=0.237 r_std=0.0085
2026-05-16 06:55:44,492 - INFO -   seg  62 | w=0.4778 | u_mean=+3.391 u_std=0.037 v_std=0.256 r_std=0.0121
2026-05-16 06:55:44,492 - INFO -   seg  63 | w=0.6373 | u_mean=+3.297 u_std=0.057 v_std=0.279 r_std=0.0158
2026-05-16 06:55:44,492 - INFO -   seg  64 | w=0.8632 | u_mean=+3.182 u_std=0.083 v_std=0.283 r_std=0.0196
2026-05-16 06:55:44,492 - INFO -   seg  65 | w=1.0936 | u_mean=+3.043 u_std=0.108 v_std=0.280 r_std=0.0232
2026-05-16 06:55:44,492 - INFO -   seg  66 | w=1.3563 | u_mean=+2.883 u_std=0.136 v_std=0.267 r_std=0.0266
2026-05-16 06:55:44,492 - INFO -   seg  67 | w=1.8345 | u_mean=+3.644 u_std=0.187 v_std=0.220 r_std=0.0074
2026-05-16 06:55:44,492 - INFO -   seg  68 | w=0.3767 | u_mean=+3.690 u_std=0.022 v_std=0.254 r_std=0.0092
2026-05-16 06:55:44,492 - INFO -   seg  69 | w=0.5520 | u_mean=+3.613 u_std=0.047 v_std=0.280 r_std=0.0136
2026-05-16 06:55:44,492 - INFO -   seg  70 | w=0.7566 | u_mean=+3.505 u_std=0.071 v_std=0.297 r_std=0.0181
2026-05-16 06:55:44,492 - INFO -   seg  71 | w=0.9758 | u_mean=+3.372 u_std=0.095 v_std=0.299 r_std=0.0226
2026-05-16 06:55:44,492 - INFO -   seg  72 | w=1.1474 | u_mean=+3.217 u_std=0.113 v_std=0.291 r_std=0.0268
2026-05-16 06:55:44,492 - INFO -   seg  73 | w=1.2647 | u_mean=+3.033 u_std=0.125 v_std=0.278 r_std=0.0302
2026-05-16 06:55:44,492 - INFO -   seg  74 | w=2.2559 | u_mean=+3.845 u_std=0.232 v_std=0.247 r_std=0.0090
2026-05-16 06:55:44,492 - INFO -   seg  75 | w=0.3917 | u_mean=+3.912 u_std=0.024 v_std=0.262 r_std=0.0100
2026-05-16 06:55:44,492 - INFO -   seg  76 | w=0.5603 | u_mean=+3.823 u_std=0.048 v_std=0.300 r_std=0.0150
2026-05-16 06:55:44,492 - INFO -   seg  77 | w=0.7727 | u_mean=+3.702 u_std=0.072 v_std=0.318 r_std=0.0199
2026-05-16 06:55:44,493 - INFO -   seg  78 | w=1.0171 | u_mean=+3.554 u_std=0.099 v_std=0.318 r_std=0.0247
2026-05-16 06:55:44,493 - INFO -   seg  79 | w=1.2917 | u_mean=+3.378 u_std=0.128 v_std=0.306 r_std=0.0294
2026-05-16 06:55:44,493 - INFO -   seg  80 | w=1.5899 | u_mean=+3.179 u_std=0.160 v_std=0.282 r_std=0.0339
2026-05-16 06:55:44,493 - INFO -   seg  81 | w=1.7156 | u_mean=+4.098 u_std=0.175 v_std=0.203 r_std=0.0068
2026-05-16 06:55:44,493 - INFO -   seg  82 | w=0.4138 | u_mean=+4.123 u_std=0.028 v_std=0.264 r_std=0.0109
2026-05-16 06:55:44,493 - INFO -   seg  83 | w=0.5604 | u_mean=+4.021 u_std=0.047 v_std=0.320 r_std=0.0165
2026-05-16 06:55:44,493 - INFO -   seg  84 | w=0.7673 | u_mean=+3.887 u_std=0.071 v_std=0.337 r_std=0.0220
2026-05-16 06:55:44,493 - INFO -   seg  85 | w=1.0149 | u_mean=+3.723 u_std=0.098 v_std=0.333 r_std=0.0273
2026-05-16 06:55:44,493 - INFO -   seg  86 | w=1.2838 | u_mean=+3.532 u_std=0.127 v_std=0.315 r_std=0.0324
2026-05-16 06:55:44,493 - INFO -   seg  87 | w=1.5739 | u_mean=+3.313 u_std=0.158 v_std=0.287 r_std=0.0373
2026-05-16 06:55:44,493 - INFO -   seg  88 | w=1.5584 | u_mean=+3.187 u_std=0.158 v_std=0.267 r_std=0.0196
2026-05-16 06:55:44,493 - INFO -   seg  89 | w=1.3436 | u_mean=+3.272 u_std=0.135 v_std=0.265 r_std=0.0163
2026-05-16 06:55:44,493 - INFO -   seg  90 | w=0.3050 | u_mean=-0.000 u_std=0.000 v_std=0.008 r_std=0.0005
2026-05-16 06:55:44,493 - INFO -   seg  91 | w=0.3050 | u_mean=-0.000 u_std=0.000 v_std=0.004 r_std=0.0002
2026-05-16 06:55:44,493 - INFO -   seg  92 | w=0.3050 | u_mean=-0.000 u_std=0.000 v_std=0.004 r_std=0.0002
2026-05-16 06:55:44,493 - INFO -   seg  93 | w=0.3050 | u_mean=-0.000 u_std=0.000 v_std=0.004 r_std=0.0002
2026-05-16 06:55:44,493 - INFO -   seg  94 | w=0.3050 | u_mean=-0.000 u_std=0.000 v_std=0.004 r_std=0.0002
2026-05-16 06:55:44,493 - INFO -   seg  95 | w=0.3050 | u_mean=-0.000 u_std=0.000 v_std=0.004 r_std=0.0002
2026-05-16 06:55:44,493 - INFO -   seg  96 | w=0.3050 | u_mean=-0.001 u_std=0.000 v_std=0.004 r_std=0.0002
2026-05-16 06:55:44,493 - INFO -   seg  97 | w=0.3050 | u_mean=-0.001 u_std=0.000 v_std=0.004 r_std=0.0002
2026-05-16 06:55:44,493 - INFO -   seg  98 | w=0.3050 | u_mean=-0.001 u_std=0.000 v_std=0.004 r_std=0.0002
2026-05-16 06:55:54,182 - INFO - [composite_v3a] cached v1 baseline val vel_err@K=16, n=8192, mean=0.02332
2026-05-16 06:55:54,184 - INFO - Epoch [019/60] pl=16 LR=6.16e-06 Ltot=0.0029 (vel=0.0025, acc=0.0006, lin=1.4814, stab=0.0000, bias=0.0000) | val_vel_mean=0.03847 @K=0.05516 u@K=0.05483 v@K=0.00599 slope=0.598 inst=1.009 deg%=93.23 cV3a=0.18484 spec=0.998 | 9.7s
2026-05-16 06:56:03,939 - INFO - Epoch [020/60] pl=16 LR=1.00e-03 Ltot=0.0028 (vel=0.0025, acc=0.0006, lin=1.4722, stab=0.0000, bias=0.0000) | val_vel_mean=0.03233 @K=0.04727 u@K=0.04689 v@K=0.00605 slope=0.616 inst=1.032 deg%=91.21 cV3a=0.15552 spec=0.998 | 9.7s
2026-05-16 06:56:03,945 - INFO -   ↳ new best [composite_v3a]=0.155519 (vel_rmse_mean=0.0323333, inst=1.03204, slope=0.6157, deg%=91.21, epoch 20)
2026-05-16 06:56:13,425 - INFO - Epoch [021/60] pl=16 LR=9.98e-04 Ltot=0.0052 (vel=0.0033, acc=0.0016, lin=1.5602, stab=0.0000, bias=0.0010) | val_vel_mean=0.02764 @K=0.04129 u@K=0.04070 v@K=0.00697 slope=0.631 inst=1.053 deg%=90.49 cV3a=0.13463 spec=0.997 | 9.5s
2026-05-16 06:56:13,430 - INFO -   ↳ new best [composite_v3a]=0.13463 (vel_rmse_mean=0.027642, inst=1.05319, slope=0.6312, deg%=90.49, epoch 21)
2026-05-16 06:56:13,430 - INFO - [Curriculum] pred_len -> 18; rebuilding dataloaders...
2026-05-16 06:56:13,474 - INFO - Dataset[TRAIN] koopman_train_merged.npz | segments=99 | samples=196119 | pred_len=18 | stride=1
2026-05-16 06:56:13,479 - INFO - Dataset[VAL] koopman_val.npz | segments=3 | samples=35943 | pred_len=18 | stride=1
2026-05-16 06:56:13,492 - INFO - [seg_resample] mode=u_var_r_var alpha=0.5 | n_segments=99 | w min=0.3050 max=9.3981 mean=1.0383 std=1.2982
2026-05-16 06:56:13,492 - INFO -   seg   0 | w=2.7789 | u_mean=+0.544 u_std=0.286 v_std=0.000 r_std=0.0000
2026-05-16 06:56:13,492 - INFO -   seg   1 | w=2.2951 | u_mean=+1.521 u_std=0.236 v_std=0.000 r_std=0.0000
2026-05-16 06:56:13,492 - INFO -   seg   2 | w=1.3120 | u_mean=+2.149 u_std=0.132 v_std=0.000 r_std=0.0000
2026-05-16 06:56:13,492 - INFO -   seg   3 | w=0.9923 | u_mean=+2.560 u_std=0.098 v_std=0.000 r_std=0.0000
2026-05-16 06:56:13,492 - INFO -   seg   4 | w=0.8504 | u_mean=+2.897 u_std=0.082 v_std=0.000 r_std=0.0000
2026-05-16 06:56:13,492 - INFO -   seg   5 | w=0.7625 | u_mean=+3.194 u_std=0.072 v_std=0.000 r_std=0.0000
2026-05-16 06:56:13,492 - INFO -   seg   6 | w=0.6993 | u_mean=+3.463 u_std=0.065 v_std=0.000 r_std=0.0000
2026-05-16 06:56:13,492 - INFO -   seg   7 | w=0.6509 | u_mean=+3.712 u_std=0.060 v_std=0.000 r_std=0.0000
2026-05-16 06:56:13,492 - INFO -   seg   8 | w=0.6126 | u_mean=+3.944 u_std=0.055 v_std=0.000 r_std=0.0000
2026-05-16 06:56:13,492 - INFO -   seg   9 | w=0.5813 | u_mean=+4.163 u_std=0.051 v_std=0.000 r_std=0.0000
2026-05-16 06:56:13,492 - INFO -   seg  10 | w=9.3981 | u_mean=+1.523 u_std=0.974 v_std=0.000 r_std=0.0000
2026-05-16 06:56:13,492 - INFO -   seg  11 | w=5.6299 | u_mean=-0.831 u_std=0.583 v_std=0.000 r_std=0.0000
2026-05-16 06:56:13,492 - INFO -   seg  12 | w=1.7871 | u_mean=-2.105 u_std=0.183 v_std=0.000 r_std=0.0000
2026-05-16 06:56:13,492 - INFO -   seg  13 | w=0.9824 | u_mean=-2.570 u_std=0.097 v_std=0.000 r_std=0.0000
2026-05-16 06:56:13,492 - INFO -   seg  14 | w=0.8357 | u_mean=-2.905 u_std=0.081 v_std=0.000 r_std=0.0000
2026-05-16 06:56:13,492 - INFO -   seg  15 | w=0.7497 | u_mean=-3.200 u_std=0.071 v_std=0.000 r_std=0.0000
2026-05-16 06:56:13,492 - INFO -   seg  16 | w=6.1694 | u_mean=-1.167 u_std=0.639 v_std=0.035 r_std=0.0005
2026-05-16 06:56:13,492 - INFO -   seg  17 | w=0.7900 | u_mean=-0.379 u_std=0.076 v_std=0.005 r_std=0.0002
2026-05-16 06:56:13,492 - INFO -   seg  18 | w=0.4496 | u_mean=-0.206 u_std=0.034 v_std=0.004 r_std=0.0002
2026-05-16 06:56:13,492 - INFO -   seg  19 | w=0.3753 | u_mean=-0.111 u_std=0.023 v_std=0.004 r_std=0.0002
2026-05-16 06:56:13,492 - INFO -   seg  20 | w=0.3437 | u_mean=-0.045 u_std=0.016 v_std=0.004 r_std=0.0002
2026-05-16 06:56:13,492 - INFO -   seg  21 | w=0.3178 | u_mean=-0.000 u_std=0.009 v_std=0.005 r_std=0.0002
2026-05-16 06:56:13,492 - INFO -   seg  22 | w=0.3053 | u_mean=+0.014 u_std=0.001 v_std=0.003 r_std=0.0002
2026-05-16 06:56:13,492 - INFO -   seg  23 | w=0.3084 | u_mean=+0.002 u_std=0.005 v_std=0.005 r_std=0.0002
2026-05-16 06:56:13,492 - INFO -   seg  24 | w=0.3052 | u_mean=-0.005 u_std=0.001 v_std=0.006 r_std=0.0002
2026-05-16 06:56:13,493 - INFO -   seg  25 | w=5.0400 | u_mean=+1.430 u_std=0.522 v_std=0.047 r_std=0.0030
2026-05-16 06:56:13,493 - INFO -   seg  26 | w=0.3099 | u_mean=+1.867 u_std=0.005 v_std=0.104 r_std=0.0028
2026-05-16 06:56:13,493 - INFO -   seg  27 | w=0.3266 | u_mean=+1.842 u_std=0.012 v_std=0.133 r_std=0.0042
2026-05-16 06:56:13,493 - INFO -   seg  28 | w=0.3473 | u_mean=+1.804 u_std=0.017 v_std=0.153 r_std=0.0056
2026-05-16 06:56:13,493 - INFO -   seg  29 | w=0.3743 | u_mean=+1.755 u_std=0.022 v_std=0.167 r_std=0.0069
2026-05-16 06:56:13,493 - INFO -   seg  30 | w=0.4066 | u_mean=+1.697 u_std=0.027 v_std=0.176 r_std=0.0082
2026-05-16 06:56:13,493 - INFO -   seg  31 | w=0.4422 | u_mean=+1.629 u_std=0.033 v_std=0.181 r_std=0.0094
2026-05-16 06:56:13,493 - INFO -   seg  32 | w=1.7839 | u_mean=+2.182 u_std=0.182 v_std=0.124 r_std=0.0029
2026-05-16 06:56:13,493 - INFO -   seg  33 | w=0.3227 | u_mean=+2.281 u_std=0.011 v_std=0.124 r_std=0.0039
2026-05-16 06:56:13,493 - INFO -   seg  34 | w=0.3518 | u_mean=+2.241 u_std=0.018 v_std=0.173 r_std=0.0063
2026-05-16 06:56:13,493 - INFO -   seg  35 | w=0.3832 | u_mean=+2.183 u_std=0.023 v_std=0.204 r_std=0.0084
2026-05-16 06:56:13,493 - INFO -   seg  36 | w=0.4318 | u_mean=+2.114 u_std=0.031 v_std=0.216 r_std=0.0104
2026-05-16 06:56:13,493 - INFO -   seg  37 | w=0.4914 | u_mean=+2.031 u_std=0.039 v_std=0.221 r_std=0.0123
2026-05-16 06:56:13,493 - INFO -   seg  38 | w=0.5597 | u_mean=+1.936 u_std=0.048 v_std=0.220 r_std=0.0142
2026-05-16 06:56:13,493 - INFO -   seg  39 | w=1.6944 | u_mean=+2.548 u_std=0.173 v_std=0.156 r_std=0.0042
2026-05-16 06:56:13,493 - INFO -   seg  40 | w=0.3272 | u_mean=+2.623 u_std=0.012 v_std=0.178 r_std=0.0054
2026-05-16 06:56:13,493 - INFO -   seg  41 | w=0.3645 | u_mean=+2.572 u_std=0.020 v_std=0.214 r_std=0.0080
2026-05-16 06:56:13,493 - INFO -   seg  42 | w=0.4220 | u_mean=+2.497 u_std=0.029 v_std=0.237 r_std=0.0108
2026-05-16 06:56:13,493 - INFO -   seg  43 | w=0.4940 | u_mean=+2.418 u_std=0.039 v_std=0.244 r_std=0.0132
2026-05-16 06:56:13,493 - INFO -   seg  44 | w=0.5824 | u_mean=+2.302 u_std=0.050 v_std=0.246 r_std=0.0162
2026-05-16 06:56:13,493 - INFO -   seg  45 | w=0.6613 | u_mean=+2.193 u_std=0.059 v_std=0.240 r_std=0.0183
2026-05-16 06:56:13,493 - INFO -   seg  46 | w=2.0309 | u_mean=+2.842 u_std=0.208 v_std=0.182 r_std=0.0055
2026-05-16 06:56:13,493 - INFO -   seg  47 | w=0.3343 | u_mean=+2.927 u_std=0.013 v_std=0.195 r_std=0.0062
2026-05-16 06:56:13,493 - INFO -   seg  48 | w=0.4432 | u_mean=+2.876 u_std=0.033 v_std=0.220 r_std=0.0091
2026-05-16 06:56:13,493 - INFO -   seg  49 | w=0.5245 | u_mean=+2.794 u_std=0.043 v_std=0.248 r_std=0.0120
2026-05-16 06:56:13,493 - INFO -   seg  50 | w=0.6927 | u_mean=+2.702 u_std=0.064 v_std=0.252 r_std=0.0150
2026-05-16 06:56:13,493 - INFO -   seg  51 | w=0.8095 | u_mean=+2.584 u_std=0.077 v_std=0.255 r_std=0.0179
2026-05-16 06:56:13,493 - INFO -   seg  52 | w=0.9805 | u_mean=+2.453 u_std=0.095 v_std=0.247 r_std=0.0207
2026-05-16 06:56:13,493 - INFO -   seg  53 | w=1.7730 | u_mean=+3.150 u_std=0.181 v_std=0.151 r_std=0.0035
2026-05-16 06:56:13,493 - INFO -   seg  54 | w=0.3604 | u_mean=+3.208 u_std=0.019 v_std=0.194 r_std=0.0070
2026-05-16 06:56:13,493 - INFO -   seg  55 | w=0.4763 | u_mean=+3.147 u_std=0.037 v_std=0.232 r_std=0.0104
2026-05-16 06:56:13,493 - INFO -   seg  56 | w=0.6426 | u_mean=+3.063 u_std=0.058 v_std=0.252 r_std=0.0138
2026-05-16 06:56:13,493 - INFO -   seg  57 | w=0.8408 | u_mean=+2.959 u_std=0.080 v_std=0.260 r_std=0.0171
2026-05-16 06:56:13,493 - INFO -   seg  58 | w=1.0632 | u_mean=+2.833 u_std=0.105 v_std=0.258 r_std=0.0203
2026-05-16 06:56:13,493 - INFO -   seg  59 | w=1.2955 | u_mean=+2.688 u_std=0.129 v_std=0.247 r_std=0.0234
2026-05-16 06:56:13,493 - INFO -   seg  60 | w=1.5747 | u_mean=+3.421 u_std=0.160 v_std=0.163 r_std=0.0054
2026-05-16 06:56:13,493 - INFO -   seg  61 | w=0.3564 | u_mean=+3.454 u_std=0.018 v_std=0.237 r_std=0.0085
2026-05-16 06:56:13,493 - INFO -   seg  62 | w=0.4778 | u_mean=+3.391 u_std=0.037 v_std=0.256 r_std=0.0121
2026-05-16 06:56:13,493 - INFO -   seg  63 | w=0.6373 | u_mean=+3.297 u_std=0.057 v_std=0.279 r_std=0.0158
2026-05-16 06:56:13,493 - INFO -   seg  64 | w=0.8632 | u_mean=+3.182 u_std=0.083 v_std=0.283 r_std=0.0196
2026-05-16 06:56:13,493 - INFO -   seg  65 | w=1.0936 | u_mean=+3.043 u_std=0.108 v_std=0.280 r_std=0.0232
2026-05-16 06:56:13,493 - INFO -   seg  66 | w=1.3564 | u_mean=+2.883 u_std=0.136 v_std=0.267 r_std=0.0266
2026-05-16 06:56:13,493 - INFO -   seg  67 | w=1.8346 | u_mean=+3.644 u_std=0.187 v_std=0.220 r_std=0.0074
2026-05-16 06:56:13,493 - INFO -   seg  68 | w=0.3767 | u_mean=+3.690 u_std=0.022 v_std=0.254 r_std=0.0092
2026-05-16 06:56:13,493 - INFO -   seg  69 | w=0.5520 | u_mean=+3.613 u_std=0.047 v_std=0.280 r_std=0.0136
2026-05-16 06:56:13,493 - INFO -   seg  70 | w=0.7567 | u_mean=+3.505 u_std=0.071 v_std=0.297 r_std=0.0181
2026-05-16 06:56:13,493 - INFO -   seg  71 | w=0.9759 | u_mean=+3.372 u_std=0.095 v_std=0.299 r_std=0.0226
2026-05-16 06:56:13,493 - INFO -   seg  72 | w=1.1475 | u_mean=+3.217 u_std=0.113 v_std=0.291 r_std=0.0268
2026-05-16 06:56:13,493 - INFO -   seg  73 | w=1.2647 | u_mean=+3.033 u_std=0.125 v_std=0.278 r_std=0.0302
2026-05-16 06:56:13,493 - INFO -   seg  74 | w=2.2560 | u_mean=+3.845 u_std=0.232 v_std=0.247 r_std=0.0090
2026-05-16 06:56:13,493 - INFO -   seg  75 | w=0.3917 | u_mean=+3.912 u_std=0.024 v_std=0.262 r_std=0.0100
2026-05-16 06:56:13,493 - INFO -   seg  76 | w=0.5603 | u_mean=+3.823 u_std=0.048 v_std=0.300 r_std=0.0150
2026-05-16 06:56:13,493 - INFO -   seg  77 | w=0.7727 | u_mean=+3.702 u_std=0.072 v_std=0.318 r_std=0.0199
2026-05-16 06:56:13,493 - INFO -   seg  78 | w=1.0171 | u_mean=+3.554 u_std=0.099 v_std=0.318 r_std=0.0247
2026-05-16 06:56:13,493 - INFO -   seg  79 | w=1.2917 | u_mean=+3.378 u_std=0.128 v_std=0.306 r_std=0.0294
2026-05-16 06:56:13,493 - INFO -   seg  80 | w=1.5900 | u_mean=+3.179 u_std=0.160 v_std=0.282 r_std=0.0339
2026-05-16 06:56:13,493 - INFO -   seg  81 | w=1.7157 | u_mean=+4.098 u_std=0.175 v_std=0.203 r_std=0.0068
2026-05-16 06:56:13,493 - INFO -   seg  82 | w=0.4138 | u_mean=+4.123 u_std=0.028 v_std=0.264 r_std=0.0109
2026-05-16 06:56:13,493 - INFO -   seg  83 | w=0.5605 | u_mean=+4.021 u_std=0.047 v_std=0.320 r_std=0.0165
2026-05-16 06:56:13,493 - INFO -   seg  84 | w=0.7673 | u_mean=+3.887 u_std=0.071 v_std=0.337 r_std=0.0220
2026-05-16 06:56:13,493 - INFO -   seg  85 | w=1.0149 | u_mean=+3.723 u_std=0.098 v_std=0.333 r_std=0.0273
2026-05-16 06:56:13,493 - INFO -   seg  86 | w=1.2838 | u_mean=+3.532 u_std=0.127 v_std=0.315 r_std=0.0324
2026-05-16 06:56:13,493 - INFO -   seg  87 | w=1.5739 | u_mean=+3.313 u_std=0.158 v_std=0.287 r_std=0.0373
2026-05-16 06:56:13,493 - INFO -   seg  88 | w=1.5584 | u_mean=+3.187 u_std=0.158 v_std=0.267 r_std=0.0196
2026-05-16 06:56:13,493 - INFO -   seg  89 | w=1.3436 | u_mean=+3.272 u_std=0.135 v_std=0.265 r_std=0.0163
2026-05-16 06:56:13,493 - INFO -   seg  90 | w=0.3050 | u_mean=-0.000 u_std=0.000 v_std=0.008 r_std=0.0005
2026-05-16 06:56:13,493 - INFO -   seg  91 | w=0.3050 | u_mean=-0.000 u_std=0.000 v_std=0.004 r_std=0.0002
2026-05-16 06:56:13,493 - INFO -   seg  92 | w=0.3050 | u_mean=-0.000 u_std=0.000 v_std=0.004 r_std=0.0002
2026-05-16 06:56:13,494 - INFO -   seg  93 | w=0.3050 | u_mean=-0.000 u_std=0.000 v_std=0.004 r_std=0.0002
2026-05-16 06:56:13,494 - INFO -   seg  94 | w=0.3050 | u_mean=-0.000 u_std=0.000 v_std=0.004 r_std=0.0002
2026-05-16 06:56:13,494 - INFO -   seg  95 | w=0.3050 | u_mean=-0.000 u_std=0.000 v_std=0.004 r_std=0.0002
2026-05-16 06:56:13,494 - INFO -   seg  96 | w=0.3050 | u_mean=-0.001 u_std=0.000 v_std=0.004 r_std=0.0002
2026-05-16 06:56:13,494 - INFO -   seg  97 | w=0.3050 | u_mean=-0.001 u_std=0.000 v_std=0.004 r_std=0.0002
2026-05-16 06:56:13,494 - INFO -   seg  98 | w=0.3050 | u_mean=-0.001 u_std=0.000 v_std=0.004 r_std=0.0002
2026-05-16 06:56:23,688 - INFO - [composite_v3a] cached v1 baseline val vel_err@K=18, n=8192, mean=0.02603
2026-05-16 06:56:23,691 - INFO - Epoch [022/60] pl=18 LR=9.94e-04 Ltot=0.0041 (vel=0.0031, acc=0.0010, lin=1.6495, stab=0.0000, bias=0.0004) | val_vel_mean=0.02497 @K=0.03799 u@K=0.03681 v@K=0.00940 slope=0.644 inst=1.102 deg%=79.82 cV3a=0.11255 spec=0.997 | 10.2s
2026-05-16 06:56:23,697 - INFO -   ↳ new best [composite_v3a]=0.112548 (vel_rmse_mean=0.0249718, inst=1.10167, slope=0.6437, deg%=79.82, epoch 22)
2026-05-16 06:56:33,294 - INFO - Epoch [023/60] pl=18 LR=9.86e-04 Ltot=0.0040 (vel=0.0031, acc=0.0010, lin=1.6326, stab=0.0000, bias=0.0003) | val_vel_mean=0.02175 @K=0.03433 u@K=0.03274 v@K=0.01033 slope=0.678 inst=1.155 deg%=68.40 cV3a=0.09339 spec=0.998 | 9.6s
2026-05-16 06:56:33,300 - INFO -   ↳ new best [composite_v3a]=0.093387 (vel_rmse_mean=0.0217513, inst=1.15537, slope=0.6779, deg%=68.40, epoch 23)
2026-05-16 06:56:43,598 - INFO - Epoch [024/60] pl=18 LR=9.76e-04 Ltot=0.0040 (vel=0.0031, acc=0.0009, lin=1.6544, stab=0.0000, bias=0.0003) | val_vel_mean=0.01956 @K=0.03215 u@K=0.03024 v@K=0.01093 slope=0.723 inst=1.234 deg%=47.55 cV3a=0.06857 spec=0.998 | 10.3s
2026-05-16 06:56:43,604 - INFO -   ↳ new best [composite_v3a]=0.0685676 (vel_rmse_mean=0.0195642, inst=1.2337, slope=0.7234, deg%=47.55, epoch 24)
2026-05-16 06:56:43,604 - INFO - [Curriculum] pred_len -> 20; rebuilding dataloaders...
2026-05-16 06:56:43,648 - INFO - Dataset[TRAIN] koopman_train_merged.npz | segments=99 | samples=195921 | pred_len=20 | stride=1
2026-05-16 06:56:43,653 - INFO - Dataset[VAL] koopman_val.npz | segments=3 | samples=35937 | pred_len=20 | stride=1
2026-05-16 06:56:43,665 - INFO - [seg_resample] mode=u_var_r_var alpha=0.5 | n_segments=99 | w min=0.3050 max=9.3984 mean=1.0383 std=1.2982
2026-05-16 06:56:43,665 - INFO -   seg   0 | w=2.7791 | u_mean=+0.544 u_std=0.286 v_std=0.000 r_std=0.0000
2026-05-16 06:56:43,665 - INFO -   seg   1 | w=2.2952 | u_mean=+1.521 u_std=0.236 v_std=0.000 r_std=0.0000
2026-05-16 06:56:43,665 - INFO -   seg   2 | w=1.3120 | u_mean=+2.149 u_std=0.132 v_std=0.000 r_std=0.0000
2026-05-16 06:56:43,665 - INFO -   seg   3 | w=0.9923 | u_mean=+2.560 u_std=0.098 v_std=0.000 r_std=0.0000
2026-05-16 06:56:43,666 - INFO -   seg   4 | w=0.8504 | u_mean=+2.897 u_std=0.082 v_std=0.000 r_std=0.0000
2026-05-16 06:56:43,666 - INFO -   seg   5 | w=0.7626 | u_mean=+3.194 u_std=0.072 v_std=0.000 r_std=0.0000
2026-05-16 06:56:43,666 - INFO -   seg   6 | w=0.6993 | u_mean=+3.463 u_std=0.065 v_std=0.000 r_std=0.0000
2026-05-16 06:56:43,666 - INFO -   seg   7 | w=0.6510 | u_mean=+3.712 u_std=0.060 v_std=0.000 r_std=0.0000
2026-05-16 06:56:43,666 - INFO -   seg   8 | w=0.6126 | u_mean=+3.944 u_std=0.055 v_std=0.000 r_std=0.0000
2026-05-16 06:56:43,666 - INFO -   seg   9 | w=0.5814 | u_mean=+4.163 u_std=0.051 v_std=0.000 r_std=0.0000
2026-05-16 06:56:43,666 - INFO -   seg  10 | w=9.3984 | u_mean=+1.523 u_std=0.974 v_std=0.000 r_std=0.0000
2026-05-16 06:56:43,666 - INFO -   seg  11 | w=5.6301 | u_mean=-0.831 u_std=0.583 v_std=0.000 r_std=0.0000
2026-05-16 06:56:43,666 - INFO -   seg  12 | w=1.7872 | u_mean=-2.105 u_std=0.183 v_std=0.000 r_std=0.0000
2026-05-16 06:56:43,666 - INFO -   seg  13 | w=0.9824 | u_mean=-2.570 u_std=0.097 v_std=0.000 r_std=0.0000
2026-05-16 06:56:43,666 - INFO -   seg  14 | w=0.8357 | u_mean=-2.905 u_std=0.081 v_std=0.000 r_std=0.0000
2026-05-16 06:56:43,666 - INFO -   seg  15 | w=0.7497 | u_mean=-3.200 u_std=0.071 v_std=0.000 r_std=0.0000
2026-05-16 06:56:43,666 - INFO -   seg  16 | w=6.1697 | u_mean=-1.167 u_std=0.639 v_std=0.035 r_std=0.0005
2026-05-16 06:56:43,666 - INFO -   seg  17 | w=0.7900 | u_mean=-0.379 u_std=0.076 v_std=0.005 r_std=0.0002
2026-05-16 06:56:43,666 - INFO -   seg  18 | w=0.4496 | u_mean=-0.206 u_std=0.034 v_std=0.004 r_std=0.0002
2026-05-16 06:56:43,666 - INFO -   seg  19 | w=0.3753 | u_mean=-0.111 u_std=0.023 v_std=0.004 r_std=0.0002
2026-05-16 06:56:43,666 - INFO -   seg  20 | w=0.3437 | u_mean=-0.045 u_std=0.016 v_std=0.004 r_std=0.0002
2026-05-16 06:56:43,666 - INFO -   seg  21 | w=0.3178 | u_mean=-0.000 u_std=0.009 v_std=0.005 r_std=0.0002
2026-05-16 06:56:43,666 - INFO -   seg  22 | w=0.3053 | u_mean=+0.014 u_std=0.001 v_std=0.003 r_std=0.0002
2026-05-16 06:56:43,666 - INFO -   seg  23 | w=0.3084 | u_mean=+0.002 u_std=0.005 v_std=0.005 r_std=0.0002
2026-05-16 06:56:43,666 - INFO -   seg  24 | w=0.3052 | u_mean=-0.005 u_std=0.001 v_std=0.006 r_std=0.0002
2026-05-16 06:56:43,666 - INFO -   seg  25 | w=5.0402 | u_mean=+1.430 u_std=0.522 v_std=0.047 r_std=0.0030
2026-05-16 06:56:43,666 - INFO -   seg  26 | w=0.3099 | u_mean=+1.867 u_std=0.005 v_std=0.104 r_std=0.0028
2026-05-16 06:56:43,666 - INFO -   seg  27 | w=0.3266 | u_mean=+1.842 u_std=0.012 v_std=0.133 r_std=0.0042
2026-05-16 06:56:43,666 - INFO -   seg  28 | w=0.3473 | u_mean=+1.804 u_std=0.017 v_std=0.153 r_std=0.0056
2026-05-16 06:56:43,666 - INFO -   seg  29 | w=0.3743 | u_mean=+1.755 u_std=0.022 v_std=0.167 r_std=0.0069
2026-05-16 06:56:43,666 - INFO -   seg  30 | w=0.4066 | u_mean=+1.697 u_std=0.027 v_std=0.176 r_std=0.0082
2026-05-16 06:56:43,666 - INFO -   seg  31 | w=0.4422 | u_mean=+1.629 u_std=0.033 v_std=0.181 r_std=0.0094
2026-05-16 06:56:43,666 - INFO -   seg  32 | w=1.7840 | u_mean=+2.182 u_std=0.182 v_std=0.124 r_std=0.0029
2026-05-16 06:56:43,666 - INFO -   seg  33 | w=0.3228 | u_mean=+2.281 u_std=0.011 v_std=0.124 r_std=0.0039
2026-05-16 06:56:43,666 - INFO -   seg  34 | w=0.3518 | u_mean=+2.241 u_std=0.018 v_std=0.173 r_std=0.0063
2026-05-16 06:56:43,666 - INFO -   seg  35 | w=0.3832 | u_mean=+2.183 u_std=0.023 v_std=0.204 r_std=0.0084
2026-05-16 06:56:43,666 - INFO -   seg  36 | w=0.4318 | u_mean=+2.114 u_std=0.031 v_std=0.216 r_std=0.0104
2026-05-16 06:56:43,666 - INFO -   seg  37 | w=0.4914 | u_mean=+2.031 u_std=0.039 v_std=0.221 r_std=0.0123
2026-05-16 06:56:43,666 - INFO -   seg  38 | w=0.5598 | u_mean=+1.936 u_std=0.048 v_std=0.220 r_std=0.0142
2026-05-16 06:56:43,666 - INFO -   seg  39 | w=1.6945 | u_mean=+2.548 u_std=0.173 v_std=0.156 r_std=0.0042
2026-05-16 06:56:43,666 - INFO -   seg  40 | w=0.3272 | u_mean=+2.623 u_std=0.012 v_std=0.178 r_std=0.0054
2026-05-16 06:56:43,666 - INFO -   seg  41 | w=0.3645 | u_mean=+2.572 u_std=0.020 v_std=0.214 r_std=0.0080
2026-05-16 06:56:43,666 - INFO -   seg  42 | w=0.4220 | u_mean=+2.497 u_std=0.029 v_std=0.237 r_std=0.0108
2026-05-16 06:56:43,666 - INFO -   seg  43 | w=0.4940 | u_mean=+2.418 u_std=0.039 v_std=0.244 r_std=0.0132
2026-05-16 06:56:43,666 - INFO -   seg  44 | w=0.5824 | u_mean=+2.302 u_std=0.050 v_std=0.246 r_std=0.0162
2026-05-16 06:56:43,666 - INFO -   seg  45 | w=0.6613 | u_mean=+2.193 u_std=0.059 v_std=0.240 r_std=0.0183
2026-05-16 06:56:43,666 - INFO -   seg  46 | w=2.0310 | u_mean=+2.842 u_std=0.208 v_std=0.182 r_std=0.0055
2026-05-16 06:56:43,666 - INFO -   seg  47 | w=0.3343 | u_mean=+2.927 u_std=0.013 v_std=0.195 r_std=0.0062
2026-05-16 06:56:43,666 - INFO -   seg  48 | w=0.4432 | u_mean=+2.876 u_std=0.033 v_std=0.220 r_std=0.0091
2026-05-16 06:56:43,666 - INFO -   seg  49 | w=0.5245 | u_mean=+2.794 u_std=0.043 v_std=0.248 r_std=0.0120
2026-05-16 06:56:43,666 - INFO -   seg  50 | w=0.6927 | u_mean=+2.702 u_std=0.064 v_std=0.252 r_std=0.0150
2026-05-16 06:56:43,666 - INFO -   seg  51 | w=0.8095 | u_mean=+2.584 u_std=0.077 v_std=0.255 r_std=0.0179
2026-05-16 06:56:43,666 - INFO -   seg  52 | w=0.9805 | u_mean=+2.453 u_std=0.095 v_std=0.247 r_std=0.0207
2026-05-16 06:56:43,666 - INFO -   seg  53 | w=1.7731 | u_mean=+3.150 u_std=0.181 v_std=0.151 r_std=0.0035
2026-05-16 06:56:43,666 - INFO -   seg  54 | w=0.3604 | u_mean=+3.208 u_std=0.019 v_std=0.194 r_std=0.0070
2026-05-16 06:56:43,666 - INFO -   seg  55 | w=0.4763 | u_mean=+3.147 u_std=0.037 v_std=0.232 r_std=0.0104
2026-05-16 06:56:43,666 - INFO -   seg  56 | w=0.6426 | u_mean=+3.063 u_std=0.058 v_std=0.252 r_std=0.0138
2026-05-16 06:56:43,666 - INFO -   seg  57 | w=0.8408 | u_mean=+2.959 u_std=0.080 v_std=0.260 r_std=0.0171
2026-05-16 06:56:43,666 - INFO -   seg  58 | w=1.0632 | u_mean=+2.833 u_std=0.105 v_std=0.258 r_std=0.0203
2026-05-16 06:56:43,666 - INFO -   seg  59 | w=1.2955 | u_mean=+2.688 u_std=0.129 v_std=0.247 r_std=0.0234
2026-05-16 06:56:43,666 - INFO -   seg  60 | w=1.5748 | u_mean=+3.421 u_std=0.160 v_std=0.163 r_std=0.0054
2026-05-16 06:56:43,666 - INFO -   seg  61 | w=0.3564 | u_mean=+3.454 u_std=0.018 v_std=0.237 r_std=0.0085
2026-05-16 06:56:43,666 - INFO -   seg  62 | w=0.4778 | u_mean=+3.391 u_std=0.037 v_std=0.256 r_std=0.0121
2026-05-16 06:56:43,666 - INFO -   seg  63 | w=0.6374 | u_mean=+3.297 u_std=0.057 v_std=0.279 r_std=0.0158
2026-05-16 06:56:43,666 - INFO -   seg  64 | w=0.8632 | u_mean=+3.182 u_std=0.083 v_std=0.283 r_std=0.0196
2026-05-16 06:56:43,666 - INFO -   seg  65 | w=1.0937 | u_mean=+3.043 u_std=0.108 v_std=0.280 r_std=0.0232
2026-05-16 06:56:43,666 - INFO -   seg  66 | w=1.3564 | u_mean=+2.883 u_std=0.136 v_std=0.267 r_std=0.0266
2026-05-16 06:56:43,666 - INFO -   seg  67 | w=1.8347 | u_mean=+3.644 u_std=0.187 v_std=0.220 r_std=0.0074
2026-05-16 06:56:43,666 - INFO -   seg  68 | w=0.3767 | u_mean=+3.690 u_std=0.022 v_std=0.254 r_std=0.0092
2026-05-16 06:56:43,666 - INFO -   seg  69 | w=0.5521 | u_mean=+3.613 u_std=0.047 v_std=0.280 r_std=0.0136
2026-05-16 06:56:43,667 - INFO -   seg  70 | w=0.7567 | u_mean=+3.505 u_std=0.071 v_std=0.297 r_std=0.0181
2026-05-16 06:56:43,667 - INFO -   seg  71 | w=0.9759 | u_mean=+3.372 u_std=0.095 v_std=0.299 r_std=0.0226
2026-05-16 06:56:43,667 - INFO -   seg  72 | w=1.1475 | u_mean=+3.217 u_std=0.113 v_std=0.291 r_std=0.0268
2026-05-16 06:56:43,667 - INFO -   seg  73 | w=1.2648 | u_mean=+3.033 u_std=0.125 v_std=0.278 r_std=0.0302
2026-05-16 06:56:43,667 - INFO -   seg  74 | w=2.2561 | u_mean=+3.845 u_std=0.232 v_std=0.247 r_std=0.0090
2026-05-16 06:56:43,667 - INFO -   seg  75 | w=0.3917 | u_mean=+3.912 u_std=0.024 v_std=0.262 r_std=0.0100
2026-05-16 06:56:43,667 - INFO -   seg  76 | w=0.5603 | u_mean=+3.823 u_std=0.048 v_std=0.300 r_std=0.0150
2026-05-16 06:56:43,667 - INFO -   seg  77 | w=0.7728 | u_mean=+3.702 u_std=0.072 v_std=0.318 r_std=0.0199
2026-05-16 06:56:43,667 - INFO -   seg  78 | w=1.0171 | u_mean=+3.554 u_std=0.099 v_std=0.318 r_std=0.0247
2026-05-16 06:56:43,667 - INFO -   seg  79 | w=1.2918 | u_mean=+3.378 u_std=0.128 v_std=0.306 r_std=0.0294
2026-05-16 06:56:43,667 - INFO -   seg  80 | w=1.5900 | u_mean=+3.179 u_std=0.160 v_std=0.282 r_std=0.0339
2026-05-16 06:56:43,667 - INFO -   seg  81 | w=1.7158 | u_mean=+4.098 u_std=0.175 v_std=0.203 r_std=0.0068
2026-05-16 06:56:43,667 - INFO -   seg  82 | w=0.4138 | u_mean=+4.123 u_std=0.028 v_std=0.264 r_std=0.0109
2026-05-16 06:56:43,667 - INFO -   seg  83 | w=0.5605 | u_mean=+4.021 u_std=0.047 v_std=0.320 r_std=0.0165
2026-05-16 06:56:43,667 - INFO -   seg  84 | w=0.7673 | u_mean=+3.887 u_std=0.071 v_std=0.337 r_std=0.0220
2026-05-16 06:56:43,667 - INFO -   seg  85 | w=1.0149 | u_mean=+3.723 u_std=0.098 v_std=0.333 r_std=0.0273
2026-05-16 06:56:43,667 - INFO -   seg  86 | w=1.2839 | u_mean=+3.532 u_std=0.127 v_std=0.315 r_std=0.0324
2026-05-16 06:56:43,667 - INFO -   seg  87 | w=1.5740 | u_mean=+3.313 u_std=0.158 v_std=0.287 r_std=0.0373
2026-05-16 06:56:43,667 - INFO -   seg  88 | w=1.5585 | u_mean=+3.187 u_std=0.158 v_std=0.267 r_std=0.0196
2026-05-16 06:56:43,667 - INFO -   seg  89 | w=1.3437 | u_mean=+3.272 u_std=0.135 v_std=0.265 r_std=0.0163
2026-05-16 06:56:43,667 - INFO -   seg  90 | w=0.3051 | u_mean=-0.000 u_std=0.000 v_std=0.008 r_std=0.0005
2026-05-16 06:56:43,667 - INFO -   seg  91 | w=0.3050 | u_mean=-0.000 u_std=0.000 v_std=0.004 r_std=0.0002
2026-05-16 06:56:43,667 - INFO -   seg  92 | w=0.3050 | u_mean=-0.000 u_std=0.000 v_std=0.004 r_std=0.0002
2026-05-16 06:56:43,667 - INFO -   seg  93 | w=0.3050 | u_mean=-0.000 u_std=0.000 v_std=0.004 r_std=0.0002
2026-05-16 06:56:43,667 - INFO -   seg  94 | w=0.3050 | u_mean=-0.000 u_std=0.000 v_std=0.004 r_std=0.0002
2026-05-16 06:56:43,667 - INFO -   seg  95 | w=0.3050 | u_mean=-0.000 u_std=0.000 v_std=0.004 r_std=0.0002
2026-05-16 06:56:43,667 - INFO -   seg  96 | w=0.3050 | u_mean=-0.001 u_std=0.000 v_std=0.004 r_std=0.0002
2026-05-16 06:56:43,667 - INFO -   seg  97 | w=0.3050 | u_mean=-0.001 u_std=0.000 v_std=0.004 r_std=0.0002
2026-05-16 06:56:43,667 - INFO -   seg  98 | w=0.3050 | u_mean=-0.001 u_std=0.000 v_std=0.004 r_std=0.0002
2026-05-16 06:56:54,678 - INFO - [composite_v3a] cached v1 baseline val vel_err@K=20, n=8192, mean=0.02870
2026-05-16 06:56:54,681 - INFO - Epoch [025/60] pl=20 LR=9.62e-04 Ltot=0.0041 (vel=0.0032, acc=0.0009, lin=1.7004, stab=0.0000, bias=0.0003) | val_vel_mean=0.01974 @K=0.03413 u@K=0.03150 v@K=0.01314 slope=0.792 inst=1.424 deg%=46.13 cV3a=0.08689 spec=0.998 | 11.0s
2026-05-16 06:57:06,040 - INFO - Epoch [026/60] pl=20 LR=9.46e-04 Ltot=0.0042 (vel=0.0033, acc=0.0009, lin=1.6834, stab=0.0000, bias=0.0004) | val_vel_mean=0.01882 @K=0.03358 u@K=0.03090 v@K=0.01314 slope=0.843 inst=1.558 deg%=16.28 cV3a=0.04065 spec=0.998 | 11.4s
2026-05-16 06:57:06,046 - INFO -   ↳ new best [composite_v3a]=0.0406508 (vel_rmse_mean=0.0188181, inst=1.55765, slope=0.8434, deg%=16.28, epoch 26)
2026-05-16 06:57:18,159 - INFO - Epoch [027/60] pl=20 LR=9.26e-04 Ltot=0.0041 (vel=0.0032, acc=0.0008, lin=1.6797, stab=0.0000, bias=0.0004) | val_vel_mean=0.01803 @K=0.03327 u@K=0.03064 v@K=0.01297 slope=0.901 inst=1.732 deg%=16.06 cV3a=0.04690 spec=0.997 | 12.1s
2026-05-16 06:57:29,549 - INFO - Epoch [028/60] pl=20 LR=9.05e-04 Ltot=0.0039 (vel=0.0031, acc=0.0008, lin=1.6936, stab=0.0000, bias=0.0003) | val_vel_mean=0.01749 @K=0.03297 u@K=0.03039 v@K=0.01281 slope=0.939 inst=1.874 deg%=15.95 cV3a=0.05175 spec=0.997 | 11.4s
2026-05-16 06:57:40,549 - INFO - Epoch [029/60] pl=20 LR=8.80e-04 Ltot=0.0039 (vel=0.0031, acc=0.0008, lin=1.6920, stab=0.0000, bias=0.0003) | val_vel_mean=0.01750 @K=0.03353 u@K=0.03108 v@K=0.01260 slope=0.988 inst=2.083 deg%=15.97 cV3a=0.06110 spec=0.997 | 11.0s
2026-05-16 06:57:51,714 - INFO - Epoch [030/60] pl=20 LR=8.54e-04 Ltot=0.0040 (vel=0.0031, acc=0.0008, lin=1.6842, stab=0.0000, bias=0.0003) | val_vel_mean=0.01735 @K=0.03374 u@K=0.03146 v@K=0.01221 slope=1.028 inst=2.271 deg%=15.94 cV3a=0.06922 spec=0.997 | 11.2s
2026-05-16 06:58:02,699 - INFO - Epoch [031/60] pl=20 LR=8.25e-04 Ltot=0.0037 (vel=0.0030, acc=0.0007, lin=1.6776, stab=0.0000, bias=0.0002) | val_vel_mean=0.01725 @K=0.03361 u@K=0.03148 v@K=0.01180 slope=1.037 inst=2.327 deg%=15.86 cV3a=0.07117 spec=0.998 | 11.0s
2026-05-16 06:58:13,440 - INFO - Epoch [032/60] pl=20 LR=7.94e-04 Ltot=0.0039 (vel=0.0031, acc=0.0008, lin=1.6841, stab=0.0000, bias=0.0004) | val_vel_mean=0.01695 @K=0.03312 u@K=0.03104 v@K=0.01154 slope=1.052 inst=2.414 deg%=15.78 cV3a=0.07377 spec=0.998 | 10.7s
2026-05-16 06:58:24,700 - INFO - Epoch [033/60] pl=20 LR=7.61e-04 Ltot=0.0038 (vel=0.0030, acc=0.0007, lin=1.6972, stab=0.0000, bias=0.0003) | val_vel_mean=0.01710 @K=0.03332 u@K=0.03137 v@K=0.01122 slope=1.050 inst=2.406 deg%=15.73 cV3a=0.07405 spec=0.998 | 11.3s
2026-05-16 06:58:35,621 - INFO - Epoch [034/60] pl=20 LR=7.27e-04 Ltot=0.0037 (vel=0.0030, acc=0.0007, lin=1.6873, stab=0.0000, bias=0.0003) | val_vel_mean=0.01728 @K=0.03352 u@K=0.03171 v@K=0.01088 slope=1.058 inst=2.464 deg%=15.69 cV3a=0.07734 spec=0.998 | 10.9s
2026-05-16 06:58:46,233 - INFO - Epoch [035/60] pl=20 LR=6.91e-04 Ltot=0.0037 (vel=0.0030, acc=0.0007, lin=1.6858, stab=0.0000, bias=0.0003) | val_vel_mean=0.01740 @K=0.03346 u@K=0.03176 v@K=0.01054 slope=1.051 inst=2.435 deg%=15.66 cV3a=0.07629 spec=0.998 | 10.6s
2026-05-16 06:58:56,930 - INFO - Epoch [036/60] pl=20 LR=6.55e-04 Ltot=0.0036 (vel=0.0029, acc=0.0007, lin=1.6695, stab=0.0000, bias=0.0002) | val_vel_mean=0.01744 @K=0.03333 u@K=0.03171 v@K=0.01028 slope=1.042 inst=2.395 deg%=15.60 cV3a=0.07455 spec=0.998 | 10.7s
2026-05-16 06:59:07,656 - INFO - Epoch [037/60] pl=20 LR=6.17e-04 Ltot=0.0036 (vel=0.0029, acc=0.0007, lin=1.6743, stab=0.0000, bias=0.0002) | val_vel_mean=0.01746 @K=0.03321 u@K=0.03164 v@K=0.01008 slope=1.039 inst=2.385 deg%=15.58 cV3a=0.07409 spec=0.998 | 10.7s
2026-05-16 06:59:18,529 - INFO - Epoch [038/60] pl=20 LR=5.78e-04 Ltot=0.0036 (vel=0.0029, acc=0.0007, lin=1.6868, stab=0.0000, bias=0.0002) | val_vel_mean=0.01744 @K=0.03298 u@K=0.03149 v@K=0.00982 slope=1.029 inst=2.334 deg%=15.54 cV3a=0.07156 spec=0.998 | 10.9s
2026-05-16 06:59:29,332 - INFO - Epoch [039/60] pl=20 LR=5.39e-04 Ltot=0.0035 (vel=0.0029, acc=0.0007, lin=1.6815, stab=0.0000, bias=0.0002) | val_vel_mean=0.01754 @K=0.03288 u@K=0.03144 v@K=0.00963 slope=1.009 inst=2.235 deg%=15.44 cV3a=0.06736 spec=0.998 | 10.8s
2026-05-16 06:59:40,273 - INFO - Epoch [040/60] pl=20 LR=5.00e-04 Ltot=0.0035 (vel=0.0029, acc=0.0007, lin=1.6826, stab=0.0000, bias=0.0002) | val_vel_mean=0.01756 @K=0.03291 u@K=0.03154 v@K=0.00939 slope=1.012 inst=2.248 deg%=15.43 cV3a=0.06804 spec=0.998 | 10.9s
2026-05-16 06:59:51,370 - INFO - Epoch [041/60] pl=20 LR=4.61e-04 Ltot=0.0034 (vel=0.0028, acc=0.0006, lin=1.6908, stab=0.0000, bias=0.0002) | val_vel_mean=0.01735 @K=0.03254 u@K=0.03121 v@K=0.00920 slope=1.018 inst=2.284 deg%=15.39 cV3a=0.06884 spec=0.998 | 11.1s
2026-05-16 07:00:01,737 - INFO - Epoch [042/60] pl=20 LR=4.22e-04 Ltot=0.0034 (vel=0.0028, acc=0.0006, lin=1.6776, stab=0.0000, bias=0.0002) | val_vel_mean=0.01741 @K=0.03268 u@K=0.03140 v@K=0.00907 slope=1.021 inst=2.297 deg%=15.39 cV3a=0.06967 spec=0.998 | 10.4s
2026-05-16 07:00:13,335 - INFO - Epoch [043/60] pl=20 LR=3.83e-04 Ltot=0.0033 (vel=0.0028, acc=0.0006, lin=1.6862, stab=0.0000, bias=0.0002) | val_vel_mean=0.01733 @K=0.03253 u@K=0.03127 v@K=0.00898 slope=1.021 inst=2.296 deg%=15.39 cV3a=0.06930 spec=0.998 | 11.6s
2026-05-16 07:00:24,171 - INFO - Epoch [044/60] pl=20 LR=3.45e-04 Ltot=0.0033 (vel=0.0028, acc=0.0006, lin=1.6802, stab=0.0000, bias=0.0001) | val_vel_mean=0.01740 @K=0.03269 u@K=0.03146 v@K=0.00887 slope=1.023 inst=2.310 deg%=15.42 cV3a=0.07020 spec=0.998 | 10.8s
2026-05-16 07:00:35,161 - INFO - Epoch [045/60] pl=20 LR=3.09e-04 Ltot=0.0033 (vel=0.0028, acc=0.0006, lin=1.6761, stab=0.0000, bias=0.0002) | val_vel_mean=0.01738 @K=0.03267 u@K=0.03146 v@K=0.00880 slope=1.027 inst=2.333 deg%=15.42 cV3a=0.07110 spec=0.998 | 11.0s
2026-05-16 07:00:46,650 - INFO - Epoch [046/60] pl=20 LR=2.73e-04 Ltot=0.0032 (vel=0.0028, acc=0.0006, lin=1.6761, stab=0.0000, bias=0.0001) | val_vel_mean=0.01752 @K=0.03285 u@K=0.03166 v@K=0.00876 slope=1.020 inst=2.300 deg%=15.43 cV3a=0.07015 spec=0.998 | 11.5s
2026-05-16 07:00:58,270 - INFO - Epoch [047/60] pl=20 LR=2.39e-04 Ltot=0.0032 (vel=0.0027, acc=0.0006, lin=1.6570, stab=0.0000, bias=0.0001) | val_vel_mean=0.01748 @K=0.03273 u@K=0.03154 v@K=0.00873 slope=1.020 inst=2.300 deg%=15.42 cV3a=0.06993 spec=0.998 | 11.6s
2026-05-16 07:01:09,730 - INFO - Epoch [048/60] pl=20 LR=2.06e-04 Ltot=0.0032 (vel=0.0027, acc=0.0006, lin=1.6591, stab=0.0000, bias=0.0001) | val_vel_mean=0.01743 @K=0.03255 u@K=0.03137 v@K=0.00870 slope=1.014 inst=2.271 deg%=15.41 cV3a=0.06840 spec=0.998 | 11.5s
2026-05-16 07:01:22,783 - INFO - Epoch [049/60] pl=20 LR=1.75e-04 Ltot=0.0031 (vel=0.0027, acc=0.0006, lin=1.6703, stab=0.0000, bias=0.0001) | val_vel_mean=0.01733 @K=0.03234 u@K=0.03114 v@K=0.00872 slope=1.012 inst=2.265 deg%=15.37 cV3a=0.06770 spec=0.998 | 13.0s
2026-05-16 07:01:34,336 - INFO - Epoch [050/60] pl=20 LR=1.46e-04 Ltot=0.0031 (vel=0.0027, acc=0.0005, lin=1.6502, stab=0.0000, bias=0.0001) | val_vel_mean=0.01720 @K=0.03212 u@K=0.03093 v@K=0.00868 slope=1.013 inst=2.268 deg%=15.38 cV3a=0.06729 spec=0.998 | 11.5s
2026-05-16 07:01:45,274 - INFO - Epoch [051/60] pl=20 LR=1.20e-04 Ltot=0.0030 (vel=0.0026, acc=0.0005, lin=1.6501, stab=0.0000, bias=0.0001) | val_vel_mean=0.01714 @K=0.03200 u@K=0.03079 v@K=0.00869 slope=1.008 inst=2.246 deg%=15.42 cV3a=0.06607 spec=0.997 | 10.9s
2026-05-16 07:01:56,082 - INFO - Epoch [052/60] pl=20 LR=9.55e-05 Ltot=0.0031 (vel=0.0027, acc=0.0005, lin=1.6578, stab=0.0000, bias=0.0001) | val_vel_mean=0.01718 @K=0.03210 u@K=0.03091 v@K=0.00866 slope=1.008 inst=2.242 deg%=15.45 cV3a=0.06609 spec=0.998 | 10.8s
2026-05-16 07:02:06,959 - INFO - Epoch [053/60] pl=20 LR=7.37e-05 Ltot=0.0030 (vel=0.0026, acc=0.0005, lin=1.6521, stab=0.0000, bias=0.0001) | val_vel_mean=0.01719 @K=0.03210 u@K=0.03092 v@K=0.00863 slope=1.006 inst=2.236 deg%=15.47 cV3a=0.06581 spec=0.998 | 10.9s
2026-05-16 07:02:17,678 - INFO - Epoch [054/60] pl=20 LR=5.45e-05 Ltot=0.0030 (vel=0.0026, acc=0.0005, lin=1.6592, stab=0.0000, bias=0.0001) | val_vel_mean=0.01713 @K=0.03196 u@K=0.03077 v@K=0.00862 slope=1.005 inst=2.229 deg%=15.48 cV3a=0.06526 spec=0.998 | 10.7s
2026-05-16 07:02:29,214 - INFO - Epoch [055/60] pl=20 LR=3.81e-05 Ltot=0.0030 (vel=0.0026, acc=0.0005, lin=1.6550, stab=0.0000, bias=0.0001) | val_vel_mean=0.01700 @K=0.03176 u@K=0.03057 v@K=0.00859 slope=1.008 inst=2.244 deg%=15.52 cV3a=0.06540 spec=0.999 | 11.5s
2026-05-16 07:02:39,942 - INFO - Epoch [056/60] pl=20 LR=2.45e-05 Ltot=0.0030 (vel=0.0026, acc=0.0005, lin=1.6451, stab=0.0000, bias=0.0000) | val_vel_mean=0.01692 @K=0.03155 u@K=0.03036 v@K=0.00860 slope=1.003 inst=2.220 deg%=15.52 cV3a=0.06406 spec=0.999 | 10.7s
2026-05-16 07:02:51,174 - INFO - Epoch [057/60] pl=20 LR=1.38e-05 Ltot=0.0030 (vel=0.0026, acc=0.0005, lin=1.6473, stab=0.0000, bias=0.0000) | val_vel_mean=0.01677 @K=0.03129 u@K=0.03008 v@K=0.00861 slope=1.003 inst=2.225 deg%=15.53 cV3a=0.06368 spec=0.999 | 11.2s
2026-05-16 07:03:02,152 - INFO - Epoch [058/60] pl=20 LR=6.16e-06 Ltot=0.0029 (vel=0.0026, acc=0.0005, lin=1.6521, stab=0.0000, bias=0.0000) | val_vel_mean=0.01661 @K=0.03097 u@K=0.02974 v@K=0.00863 slope=0.999 inst=2.201 deg%=15.55 cV3a=0.06205 spec=0.999 | 11.0s
2026-05-16 07:03:14,042 - INFO - Epoch [059/60] pl=20 LR=1.54e-06 Ltot=0.0029 (vel=0.0026, acc=0.0005, lin=1.6560, stab=0.0000, bias=0.0000) | val_vel_mean=0.01649 @K=0.03071 u@K=0.02946 v@K=0.00866 slope=0.995 inst=2.184 deg%=15.55 cV3a=0.06091 spec=0.999 | 11.9s
2026-05-16 07:03:25,525 - INFO - Epoch [060/60] pl=20 LR=1.00e-03 Ltot=0.0029 (vel=0.0026, acc=0.0005, lin=1.6369, stab=0.0000, bias=0.0000) | val_vel_mean=0.01638 @K=0.03048 u@K=0.02922 v@K=0.00867 slope=0.994 inst=2.177 deg%=15.58 cV3a=0.06023 spec=0.999 | 11.5s
2026-05-16 07:03:25,560 - INFO - Exported YAML -> checkpoints/koopman_best.yaml
2026-05-16 07:03:31,904 - INFO - 
=== QUANTITATIVE VERDICT (test set) ===
vel_rmse@1=0.00109807  vel_rmse@5=0.00400687  vel_rmse@10=0.00650892  vel_rmse@20=0.0118086
divergence: ratio20/1=10.754  slope_loglog=0.764532  lyapunov_like=0.125015
instability_score=1.41612  monotonic_increasing=True  divergent_sample_pct=90.4413%
bias: u=+9.53176e-06  v=-0.000235585  r=+4.60598e-05
fit_quality: R^2(u,v,r) = 0.9997 / 0.9999 / 0.9996
========================================

2026-05-16 07:03:32,767 - INFO - 
### §7 12 条阈值逐条判定 (test set, K=20)

| # | 指标 | v3 实测 | 阈值 | 判定 |
|---|---|---|---|---|
| G1 | vel_rmse_step_K | 0.0118086 | ≤ 0.01285 | ✅ |
| G2 | u_rmse_step_K | 0.0111032 | ≤ 0.01185 | ✅ |
| G3 | |u_bias_mean| | 9.53176e-06 | ≤ 0.00153 | ✅ |
| G4 | slope_loglog | 0.764532 | ≤ 0.6695 | ❌ |
| G5 | instability_score | 1.41612 | ≤ 1.2363 | ❌ |
| S1 | per_segment.worst_vel_rmse_K | 0.0146406 | ≤ 0.01569 | ✅ |
| S2 | per_segment.ratio_worst_over_best | 2.82045 | ≤ 2.78 | ❌ |
| S3 | per_segment.high_speed_seg_mean | 0.00897343 | ≤ 0.01144 | ✅ |
| S4 | degraded_pct (vs v1) | 28.4684 | ≤ 20 | ❌ |
| N1 | vel_rmse_step_1 | 0.00109807 | ≤ 0.0024 | ✅ |
| N2 | traj_xy_rmse_step_K | 0.0134457 | ≤ 0.02108 | ✅ |
| N3 | spectral_radius (I+A) | 0.996997 | ≤ 1.005 | ✅ |

**FAIL** — §7 v3 验收。

2026-05-16 07:03:32,768 - INFO - v3 auto-PASS = False
2026-05-16 07:03:32,768 - INFO - Per-5-epoch summary:
2026-05-16 07:03:32,768 - INFO - ep | lr | L_total | L_vel | L_acc | L_lin | val_vel_mean | val_vel@K | val_traj_xy@K | slope_ll | inst | spec
2026-05-16 07:03:32,768 - INFO -   001 | 9.94e-04 | pl=4 | L=0.0255 (v=0.0071 a=0.0305 bu=0.0029) | vK=1.16046 uK=1.13662 vK=0.23381 slope=0.983 inst=1.012 deg%=99.87 cV3a=6.28124 spec=1.008
2026-05-16 07:03:32,768 - INFO -   005 | 8.54e-04 | pl=6 | L=0.0029 (v=0.0021 a=0.0011 bu=0.0002) | vK=0.66752 uK=0.65294 vK=0.13872 slope=0.871 inst=1.039 deg%=99.35 cV3a=3.19704 spec=0.998
2026-05-16 07:03:32,768 - INFO -   010 | 5.00e-04 | pl=10 | L=0.0028 (v=0.0022 a=0.0008 bu=0.0001) | vK=0.27980 uK=0.27476 vK=0.05292 slope=0.692 inst=1.001 deg%=99.02 cV3a=1.05062 spec=0.998
2026-05-16 07:03:32,768 - INFO -   015 | 1.46e-04 | pl=12 | L=0.0027 (v=0.0022 a=0.0007 bu=0.0001) | vK=0.10363 uK=0.10267 vK=0.01412 slope=0.617 inst=0.964 deg%=97.58 cV3a=0.36405 spec=0.998
2026-05-16 07:03:32,768 - INFO -   020 | 1.00e-03 | pl=16 | L=0.0028 (v=0.0025 a=0.0006 bu=0.0000) | vK=0.04727 uK=0.04689 vK=0.00605 slope=0.616 inst=1.032 deg%=91.21 cV3a=0.15552 spec=0.998
2026-05-16 07:03:32,768 - INFO -   025 | 9.62e-04 | pl=20 | L=0.0041 (v=0.0032 a=0.0009 bu=0.0003) | vK=0.03413 uK=0.03150 vK=0.01314 slope=0.792 inst=1.424 deg%=46.13 cV3a=0.08689 spec=0.998
2026-05-16 07:03:32,768 - INFO -   030 | 8.54e-04 | pl=20 | L=0.0040 (v=0.0031 a=0.0008 bu=0.0003) | vK=0.03374 uK=0.03146 vK=0.01221 slope=1.028 inst=2.271 deg%=15.94 cV3a=0.06922 spec=0.997
2026-05-16 07:03:32,768 - INFO -   035 | 6.91e-04 | pl=20 | L=0.0037 (v=0.0030 a=0.0007 bu=0.0003) | vK=0.03346 uK=0.03176 vK=0.01054 slope=1.051 inst=2.435 deg%=15.66 cV3a=0.07629 spec=0.998
2026-05-16 07:03:32,768 - INFO -   040 | 5.00e-04 | pl=20 | L=0.0035 (v=0.0029 a=0.0007 bu=0.0002) | vK=0.03291 uK=0.03154 vK=0.00939 slope=1.012 inst=2.248 deg%=15.43 cV3a=0.06804 spec=0.998
2026-05-16 07:03:32,768 - INFO -   045 | 3.09e-04 | pl=20 | L=0.0033 (v=0.0028 a=0.0006 bu=0.0002) | vK=0.03267 uK=0.03146 vK=0.00880 slope=1.027 inst=2.333 deg%=15.42 cV3a=0.07110 spec=0.998
2026-05-16 07:03:32,768 - INFO -   050 | 1.46e-04 | pl=20 | L=0.0031 (v=0.0027 a=0.0005 bu=0.0001) | vK=0.03212 uK=0.03093 vK=0.00868 slope=1.013 inst=2.268 deg%=15.38 cV3a=0.06729 spec=0.998
2026-05-16 07:03:32,768 - INFO -   055 | 3.81e-05 | pl=20 | L=0.0030 (v=0.0026 a=0.0005 bu=0.0001) | vK=0.03176 uK=0.03057 vK=0.00859 slope=1.008 inst=2.244 deg%=15.52 cV3a=0.06540 spec=0.999
2026-05-16 07:03:32,768 - INFO -   060 | 1.00e-03 | pl=20 | L=0.0029 (v=0.0026 a=0.0005 bu=0.0000) | vK=0.03048 uK=0.02922 vK=0.00867 slope=0.994 inst=2.177 deg%=15.58 cV3a=0.06023 spec=0.999
